1,步道木板壞得很嚴重，希望部要有人受傷了!
1, 沒什麼可看的，隨便蓋個章就出來了，好貴           
1, 2020年11月，決定關閉由某些亞洲國家資助的假博物館  嗯，很明顯  即使你在電影或全新的石碑中散佈關於日本犯下暴行的謊言，它也無法通過這些日子      2020年11月特定金出博物館閉鎖決定    映画真新石碑日本残虐行為嘘垂流通今
1,很爛，設計不良，提早前往看戲，連個落腳處都沒有，外面飄雨又風大，結果只能被趕到外面吹風，到旁邊棟辦公大樓的樓，只是想要避風雨，保全卻直趕，難道觀眾就該待在外面吹風打雨備受冷落感冒？如此爛的場地服務動線，希望不要再這裡辦任何活動了！大樓都沒完工，辦什麼活動！另外，很多年紀大的觀眾就算進來中心了，時間還沒到要等待是可以理解的，但是讓堆人站在那裡，椅子如此少，對他們而言是很累人的！我對這棟大樓設計接待人員的制度僵化而不知變通上級對觀眾的不體貼是如此地失望！      很爛，設計不良，提早前往看戲，連個落腳處都沒有，外面飄雨又風大，結果只能被趕到外面吹風，到旁邊棟辦公大樓的樓，只是想要避風雨，保全卻直趕，難道觀眾就該待在外面吹風打雨備受冷落感冒？如此爛的場地服務動線，希望不要再這裡辦任何活動了！大樓都沒完工，辦什麼活動！另外，很多年紀大的觀眾就算進來中心了，時間還沒到要等待是可以理解的，但是讓堆人站在那裡，椅子如此少，對他們而言是很累人的！我對這棟大樓設計接待人員的製度僵化而不知變通上級對觀眾的不體貼是如此地失望！
1,入口出口彼此明明就在隔壁，但卻強制不能從入口處出去，非得要小朋友繞很大圈外加上樓再下樓才能從出口出去，八股奇葩規定，食古不化
1,員工會在二樓抽菸的 也會在周圍抽菸 參觀民眾年輕人也在周圍抽菸 影響周圍住戶空氣品質 很差勁 運氣差有棟沒水準 沒文化教養的古蹟 在旁邊完全沒人管理很悲哀的單位
1,環境這麼髒亂的地方  真的很誇張
1, 絕對沒有什麼可推薦的          
1,希望不要有太多人來怕我的美麗後花園
1,台北市不是在推寵物友善嗎？背著背包跟推推車都沒辦法進去參觀，是也沒了不起到非得參觀啦
1,台北市唯的棒球場，就是這種水準，真丟臉
1,价钱太贵了，所以我没有进入，附近的中正纪念堂不错      價錢太貴了，所以我沒有進入，附近的中正紀念堂不錯
1,超誇張，電動自行車就算了，常常看到無牌電動機車在騎，用這條路在通勤的，這條路已經很擠了，還在那邊鑽漏洞，就你最聰明，請問政府什麼時候要管？
1,世界上最不友善兒童的兒童藝術中心！
1,百年古蹟，但是已失原味，山上還有更多1949年後破壞的東西在上面，不值得浪費時間參觀
1,被騷擾的很嚴重，又超級不準的
1,非常的難停車  因為停車格為每日記次收費30元  車位都被佔光了  要來玩的要有紅線違停的心理準備
1,跨年有很多不明地震，車子會搖樹卻不動
1,"台北市東區 公車就可以到達的登山步道全程走完約個半小時, 步道規劃維護的很好"
1,身為台北知名景點點進步空間都沒有二十年如日龜速政府
1,麵包店前面的鹹酥雞攤，以前很好吃，不知道是不是換了第二代接手，現在越來越隨便，東西都炸到老掉，又硬又柴~
1,有限制規定的時間才能參觀 不用餐就不可隨時參觀  是否是主管單位的本意?  主管單位給承包的業主就是這要的營利為主嗎？
1,常設展入口的櫃檯小姐態度很差，直滑手機，可能是打擾到她滑手機了吧
1,現在唯最好的功能是~鏘~鏘~鏘~~~公廁很乾淨給個~優~
1,唉！去過就知道了，夏天千萬不要來
1,"如此不耐煩態度,把神職人員的本格莊嚴完全破壞!  之前就常來此禮拜,尤其門口觀音菩薩,總讓我心恢復平靜與能量!每年也都在次此點光明燈平安燈等!  今天6/18晚上8點半左右來此,只有我個信徒,看到有圍紅龍圍欄,但地面又有貼箭頭指標往裡面,於是問位坐辦公室裡白頭髮老先生(是廟方神職人員)：請問裡面可以走進去拜嗎？老先生不耐煩回答:圍著就是不行,不用問啦!手往外揮做趕人姿勢!  我就是不知道才會問!  怎麼會如此不耐煩,高高在上!貶低信徒,不削趕人的態度,真的大大影響我禮拜神佛的心情,如此破壞神職人員的莊嚴!並影響信徒!請廟方注意好好調整!別影響整個省城隍廟的整體形象!也別再影響其他信徒!並希望這位白髮老先生神職人員繼續造福德!而不是造罪業!感恩!"
1,服務人員態度很差 入口不明顯
1,個可以散步健行看看台北遺蹟的地方，雖被市府列為市定古蹟，但好像只當私人公園看待，從進門之前，在中山北路5段上不見標示，走到大門幾乎翻牆而進，就這點我必需提出忠告，如果不宜開放，就不要開放，要是遊客越牆而進，即使是小牆，如果有人不慎跌傷！這責任誰負？而請陽明山水管處開個小門，或在過大路邊圍上3公尺長的欄干小徑接上上坡階梯，不就皆大歡喜嗎？這當然也需市府出面協調  水神社是日本宗教祭場，可能不宜凸顯，但整個場地是日本殖台時期的公共設施建築，雖有導覽牌，但不是很容易理解！  據指出，後山還有個陡坡，需攀繩而上到觀景台，可眺望士林街市及最新的北藝中心，風景極佳，但現只有少數人知道，蠻可惜的！
1,遊民真的太多了，很髒亂，空氣也不好
1,運動的人蠻多的，散步很不錯
1," 我喜歡在台北很多徒步旅行，但是這裡沒有維護，有點令人毛骨悚然，每個角落都有墓地，還有蚊子/蜘蛛      '     ,    ,        ,    /"
1,每天營業的卡拉，吵死人，市府水力處互丟皮球，無做為不管理，爛死了
1,感覺像般市立公園，為何要收費？  內部花草樹木雜亂未用心整理，硬體設備殘破脫漆  台北市的門面有點撐不住，地方代表及市長要多用心啊！  不推！
1," 這個小公園仍然關閉，孩子們不能玩，但歡迎 70 歲以上的人出去玩           ,          70    "
1,今天帶女兒和她的朋友們去吃意大利麵和燉飯，非常失望，義大利麵軟爛，奶味過重，毫無義大利麵應有的調味及口感，比起般的百元義大利麵店如嵐迪之類的還差
1,沒什麼好看，雖是古蹟也沒特別養護，沒值得參觀
1,只能買廟裡的金紙，不能用自己外面買的金紙有買廟裡大份的金紙和銀紙，再放份自己帶的金紙，被廟旁的人訓話說環保署會抓還指監視器，說外面紙錢是是商人的陰謀，請問你們賣金紙不也是商業行為嗎？只想圖利自家人，胡說八道？地藏王都看在眼裡！
1,進出入口有超多不小的紅色螞蟻有活的也有壓扁的螞蟻屍體很可怕
1,冷凍水產賣場實聯制填寫資料，因為掃完碼沒跑出來，和工作人員表示想直接手寫比較快，但現場沒有看到手寫單，所以等對方拿給我負責的小姐聽後不發言，邊緩慢地拖著次性手套，邊看著我後方兩個人掃描所以是手寫讓工作人員感到為難，還是現在手寫不符合政府規定嗎？
1,很爛夏天小黑蚊多沒什麼特色
1,我是超級喜歡蛇的人但今天真的很失望蛇是不是都是假的呢？ 響尾蛇 完全不會動從低角度就看到 下巴已經被割開 當標本了
1,停車場蓋了兩年多還沒改建好，園區內部也樣，台北市政府效率真是差到爆，是鑲金的嗎？
1,定要問價再吃 光最亮的那家是黑店 盤鐵板蚵仔要360 台北最爛的夜市沒有之
1, 我買了泳衣，但是我被迫賣了最差             
1,其實台大醫院要學馬偕醫院光在人員管制上採國際機場方式紅外線測體溫之後噴酒精，不用糟門口警衛百般叼難，光探病基本上用不是很明智之舉，也不知道那個想出來，該學學馬偕醫院作法服務好，你們台大在這管制系統人員上請好好檢討反醒請盡速改進才能稱得國內第醫學中心好嗎！
1,上次有生日優惠的時候也是聽說這很不錯，但不知道微風南山樓的戶外廣場為什麼要找個態度有夠差臉有夠臭的女生去買票，整個心情都沒了
1,相機店已倒掉半，已無往年勝景
1,很久沒座公車想說回味下，  體驗真差 難怪沒啥人要座了，  司機就是在趕時間而以，  剛上車嗶完，還沒站穩車就開了，  跟日本實在差太多了，  日本公車 司機都等你座穩站穩才會開車
1,切花區館1320的花非常糟糕做生意不老實
1,和當年花彩繽紛的美景，已褪盡切的煙華！
1,建築很美，但裡面的人眼睛長在頭頂上
1,1 很多網路給的優惠券都不能使用（藏在很細小的文字內容裡  2 普通誠品會員或無會員者，消費不能抵扣停車  3 1美食街僅收現金  4 停車格不算大，開門易撞到旁邊的車
1,交通不方便，公車班次平均小時左右班，班次鮮少，而且從捷運內湖站往山上的站牌位置不好找，強烈建議自駕前往也要強烈建議公車業者增加班次方便內湖居民和欲搭乘公車往返的民眾
1,國民黨的霸道在那就能感受到了，注意，保全會偷報交警來開紅單，開車去的要注意了
1,台北新公園 哪來的二二八?
1,服務：跟服務人員說要借步討論，但服務員依舊在旁邊聽我們討論，很沒有隱私感，然後服務人員在討論的過程中插話推薦點什麼點什麼，有點沒有禮貌  服務人員直要我們點整瓶紅酒，但我有告知說身體不方便，但還是直推紅酒，覺得說有點不尊重客人，沒有把客人的身體當回事  價格：雞翅三隻180$感到非常的驚訝，現在雞翅都這麼貴了嗎  將入餐廳強迫低消450$，只聽音樂會400$的話，照常要低消，花了快千，但感覺值不高，餐廳沒有到很好吃，份量很少，然後服務人員態度沒有很好
1,沒有做好交通管理，造成阻塞問題
1,剛好遇到整修，官網跟社群網站也沒公告，害我白跑趟
1,只是個停車場，沒有風景，而且要收費
1, 對我來說是個痛苦的地方         
1,玩遊戲的直拐你追，但是獎品給很少，不如樂華夜市有人情味
1,登山客聚集較多，有時現場很吵鬧；會影響前來拜拜的動線
1,環境優雅，建築物很有特色，讚喔～
1,整個樓都是大蒜麵包的臭氣，無人管理，空氣汙染嚴重
1,餐點普通，等了好會兒飯來的時候還是冷的，整體蠻失望
1,捷運便捷，休閒爬山好去處  文物歷史值得看
1,好奇為什麼版上這麼多照片那天吃完咖啡廳出來看到內部需脫鞋且禁拍照，於是準備在外面沒有寫禁止拍照的草地拍照，結果個女生衝出來口氣很差的說：這裡不能拍照拍照會罰錢 沒有人跟你們說嗎之後還拿出手機不斷拍我們結果版上看到堆照片都沒有在管理啊，在裡面附設的咖啡廳吃飯也沒有任何人告知，真的覺得莫名其妙
1,這個地方是那裡 我沒印象！
1,很傳統的景點，  現在21世紀自由行當道還有團體限定景點，  真是跌破我眼鏡  不是很用心改革的景點
1,最新剛改裝的北投公園毫無特色，浪費公帑
1,旁邊榕樹下的石頭椅子暗藏危機小朋友身高60-90公分容易跌倒撞傷石頭椅子椅面平滑但椅腳凸面不規則地上石磚鋪設有溝潮2歲以下幼童容易被絆倒而受傷石頭椅子真的不適合出現在兒童遊戲場
1, 附近有銀行        
1,"劍潭古寺位於大直區北安路804巷6號,是個古樸的寺廟建築,廟前廣場寬廣,左邊柵欄小步道進入是墓園休閑區,平常是關閉的,作者昨天下午去參訪時是打開的,就跟隨著3人進入觀察究竟,有幾座納涼石頭椅,舒適涼快隨即爬上台階-劍潭蝴蝶園區前進,路生態綠野蝴蝶群飛舞隨行,好棒棒!爬到山頂生態區,成群結隊蝴蝶和蜜蜂隨行很莊觀,偶爾停留在花卉上飛來飛去,身為攝影人立即捕捉美妙的身影,收穫滿滿,作品連連,再往上走上陽亭,遙望美麗華摩天輪,近在眼簾很清楚,回程往大自然生態園區步道,又見生態池裡資源豐富多彩,活潑跳跳而生動,展現出充沛的生命力,下山底了,約下午5點結束行程"
1,門票50元，小小地方算是非常貴，裡面展品跟梁實秋先生多不相關，工作人員態度糟糕  完全好奇怎麼有這麼多充滿負評的元素
1,居然沒位置可以坐著等人
1,八點多到場想問關聖帝君指點迷津  卻沒竹籤可抽  還須要定時間才開始？  走了太多次了
1,今天辦活動消費送消費券，沒有數好到底發幾份，製作幾份號碼牌，號碼牌居然是直重複發，拿到號碼牌卻跟我說沒有消費券可以兌換了，那你幹嘛發號碼牌，浪費我的時間，加上每個換的人都次拿十幾張，說張食物換份消費券，那你有檢查清楚嗎??很多人都是照片互傳，甚至是昨天的照片也拿來用，怎麼不檢查原始照片的時間呢？  活動辦不好，工作人員的態度也不好，不推薦大家來，連顆星都不想給
1,這裡已經沒什麼好逛了，可是夏天可以來休息下，吹下冷氣
1,          目前北美館正在全館整修，暫時停止對外開放參觀也沒有展覽展出要到2018/07/16才能全館對外開放
1,老教堂，非常有名，這裡也因此成為景點，環境清幽
1,去過最糟糕的河堤 這麼大出口只有兩個  走到死 沒開發的完整荒涼地區
1,開車前往，近郊的的旅遊景點，  在山上行駛，要知道，  低速檔，容易使汽車熄火，  這是很危險的，要學會  這件事情
1,摩天輪營業時間更動，但是官網和都沒有更新，害我晚上九點多來，卻白跑趟，請更新好嗎？不要再讓大家跑來這裡卻發現沒辦法搭，請儘速改善，謝謝！請加油喔^_^
1,外國觀光客中南部人喜愛登山者因交通便利視野360有不同海山景象，比起國外超強！
1,在愛國西路上有兩座古城門，座在與延平南路的交叉口，叫小南門，座在與公園路的交叉口，是南門，名稱為麗正門，很奇怪，坐車經過常只注意到小南門，而忽略了南門，兩者不仔細看，也以為模樣，其實不樣，南門據說大些，而且是尖頂，仔細看看照片，比較下，才知道
1,古蹟還好，看看過去有錢人如何出賣台灣過有錢的生活
1,什么伟人才能让 毛泽东 和蒋介石 达成致 评价为 帝国之走狗 和无品之买办！  什么伟人能让鲁迅称之为 日本帝国主义的军师！  什么伟人才说得出最好的 中美关系是父子关系，印度不费兵卒统治中国2000年？  我这个人从不随地吐痰，但我必须在这狗罕见坟头唾口      什麼偉人才能讓 毛澤東 和蔣介石 達成致 評價為 帝國之走狗 和無品之買辦！  什麼偉人能讓魯迅稱之為 日本帝國主義的軍師！  什麼偉人才說得出最好的 中美關係是父子關係，印度不費兵卒統治中國2000年？  我這個人從不隨地吐痰，但我必須在這狗罕見墳頭唾口
1,地方不大，還要門票！？建議票價要親民！！
1,史館引用刻意扭曲史實資訊編輯成書，再次於二二八前夕愚弄挑撥民間情緒  這種行徑有識之士必須了解，並與駁斥傳播   為政黨服務立場過於明顯 中立立場盡失
1, 鐳熱似乎可以治愈高血壓      熱気高血圧治
1,1門口服務人員應對進退待加強
1,對小狗以及推車非常不友善的櫻花路線安排，也有看到嬰兒車扛上扛下的，寵物推車同理
1,曾任行政院長之孫運璿先生，在蔣經國總統時代為國家經濟有重大貢獻，在他的故居瞻仰，也為現今的台灣祝祈！
1,太商業化失去文創的感覺，且對於中南部的設計學生非常不友善，人生地不熟因為得獎的緣故還得要自己送作品到園區，對於較大作品的得獎者是種折磨，我覺得主辦單位要好好檢討！
1,13:40了，電話還在自動答錄機現在是午休時間，不知道到底午休到幾點，職員薪水也太好賺？
1,這裡逛街很舒服 選擇不多
1,"點牛肉燉飯來的卻是牛肉燴飯, 普普的小片蛋糕$175，餐點份量很秀氣 (湯+主食+美咖或紅茶)"
1,基隆河又髒又臭，在這種地方辦國際龍舟賽真是丟台灣的臉
1,上週在大稻埕辦完婚禮  在這之前很多朋友提醒我們，去大稻埕教會承租  需要攀點關係，要不然可能會沒那麼順利  我們都認為沒這必要，只要是良善的好的規定我們都能接受  但是事與願違，最後我們還是給了這件教會的負責人個超低評價  在這之前已經和負責的幹事完整的開過會議，當場總召兩名以及我與丈夫都清楚列下規定  當天也都有努力遵守著，但負責幹事卻當場直給予指示，當天負責幹事（柯小姐）沒戴工作證，因為她說想要融入我們婚禮，但這也造成了與會人對我們的誤會  以下幾點是造成我們最不舒服的事列  1花藝完全造著規定做，但當場卻被主導換別的做法  2幹事直想控制我們座席的安排，導致我們有位95歲牧師直被移動位子，直到照顧他的人拜託不要再移動  3幹事開門不準時，多位同工確認時間延誤  4我們承租12樓，當天來了400多位與會者，但幹事卻始終不開放二樓，直到我們有同工再次強烈反應，開放了卻只開放區  5為我們有申請路權，可以請餐車發送食物，但她卻直說我們在教會前吃東西打卡有礙觀瞻，直接跟有小孩的媽媽說你們去馬路上吃，你們不是有申請路權？  6最後我們承租到4:30但她卻直在外喊著閒雜人等請離開，這個長輩和朋友們都有聽到反應，但她始終否認    我們認為婚禮是傳福音的好機會，但卻因為教會負責幹事直兇與會者，使我非基督徒的朋友直接說她被兇到決定直接離開教會  聽起來真的很傷心    大稻埕教會真的很漂亮，也是少數可以容納我們這麼多人的教會，很感謝它們願意用收奉獻的方式給予承租  他內部的規定多我們都能接受  但是出現傷害到人以及使人對於我們信仰上的反感是我們完全無法接受的事  讓人覺的是沒有愛的教會處處刁難    因此提出反應及評分，給予日後在這裡辦婚禮的人參考！
1,衣服超過小吃，屬於學生群的地方
2,建築有歷史味道但是食物真是貴!
2,僅因是歷史景點，建築匠氣乏善可陳
2,服務很親切，環境衛生也講究/是鄰里休閒的好地方！      服務很親切，環境衛生也講究/是鄰裡休閒的好地方！
2,散步的好地方，偽文青的聚集地，但最差的就是停車問題~
2,遠看過去好像不錯 有貨櫃酒吧 但實際入場發現設備陽春 重點廁所衛生真的不 很噁心  如果要發展起來 基本設施真的要改善很多  不然不會再去
2,階梯很多，1300個直上，期間休息處非常少，小黑蚊很多，要穿長褲防蚊
2,路小車多人多，沒有好的規劃
2,收費太貴，環境教育不宜收費，老人或學生憑學生證應免費！
2,步道的指示不清楚，到路口就不知道該往哪裡走
2,又舊又破的球場，交通紊亂，停車不便
2,今天是4月22號，每個月第四周禮拜六，到了才發覺不開放，害我們多跑趟
2,店員親切價錢便宜，但食物味道普通
2,指標，或門口人員應該親切點，看有人觀望應該主動詢問幫忙
2,志工醫生們都很熱心，唯獨檢體接收處的小姐態度不佳，粒屎壞了鍋粥
2,垃圾亂丟 水源污染環境還是要改進
2,書店已不及之前多！而且不是24小時營業了
2, 個安靜的下午散步的好地方            
2,耗資公帑整修成仿古新房子，嘆！消費不便宜且有限制用餐時間
2, 我沒有看到它，因為它正在修復中         
2,中國觀光客太多 嘈雜擁擠 品質明顯下滑
2,好玩的百貨公司  有吃又有玩樂  太棒了
2,人造地景 人造花卉 感覺很不自然 滿滿人造感 不太喜歡 不值得來 鑒定為：不如去關渡港 關渡公園
2,住附近常經過，很少看到人進出從外表看是藝術相關，但從外表看就看不出任何很的跡象，不特別查的話應該不知道供不供人參觀裡面在幹嘛會覺得就是所謂的藝術家的工作室或集會區創造區好像不是普羅大眾該去的地方
2,行人徒步區抽煙的人太多，不知是無法可管，還是沒人肯管，獅子林室內1樓許多賣手機的也都在室內抽煙，空氣粉差
2,校方對於身障停車位經常糟佔用，確長期忽視，也無取締辦法，管理鬆懈所以經常遭到佔用  最近進入發現身障車位佔用情況已經改善了，不像以前在幾乎常常都被佔用成常態了，不過看到個現像，就是幾乎所有人在校園內走動都戴著口罩，唯有進來的廠商有看到沒有戴上口罩的，還有位留著鬍子的應該是外籍學生，邊聊天邊走都沒有戴上口罩戴上口罩似乎很難遵守規則
2,因為疫情沒有免費的茶也沒有所謂的福利社
2,教堂外觀是台灣少見非常的有特色是很典雅的建築，但是牧師的證道常常涉及政治，帶動稍微有些新式的唱跳活動，所以覺得有些不適應
2,借場地，感覺態度不夠親切，不像是基督徒應有的態度
2,只在外圍購物沒進去市場內不是很清楚
2,失望，個家族的興衰，和宅邸的感覺似乎有關，從巷內走進，完全不覺得正常，似乎是走入廢棄社區～
2,人潮壅擠  找不到車位  太耗費時間了
2,魍魅拍照 各式各樣極限  但路很小條不要造成別人困擾好嗎
2,溜滑梯設計真的有問題 不好玩
2,小時候的記憶  情人廟  #冷冷凊清
2,永樂市場環境超優！布商場
2,之前有去松山慈惠堂拿高麗菜，母娘慈悲有這麼好就想說多拿幾個回去給附近的鄰居吃，有些行動不方便，老人家弱勢群體分享教會想要享受你們的福氣，就想要多拿幾顆回去結果就說你拿過了就不給，結果等到最後還有很多也沒有發完，怎麼會這樣明明不是公告發完為止
2, 真的沒有好看的衣服          
2, 我總是去這家書店購買所有與音樂相關的書籍和往常樣，我今天去那裡買了些與小提琴有關的書籍和我在櫃檯問了個人個問題，他不樂意回答他只是讓我去別的書店找找看                                                          
2,路很暗，樹變高了，夜景範圍變小了
2,景觀有點俗氣，應該可以設置的更美麗些
2, 購物叢林       
2,真的不用特地跑趟，遊客比樹多，有路過再停下來看看就好
2,老實說沒有比較特別的景物，也許時機或人不對吧
2,只不過是座以前的豪宅沒有什麼特別的地方
2,慈裕宮我是非常喜歡他的參拜環境  但是服務處的3/10下午兩點的那位阿姨態度不太好，我詢問要怎麼求平安福，他指了前面，之後他東西掉了，我想詢問有可以綁車子的平安符嗎，那時候有誦經，我等他回覆我，他在底下撿東西，有直講話，我就說不好意思我聽不到你說話，之後他起來就說有這麼多個人，為什麼定要問他，我只是站在那等他回覆我而已，態度很不好
2,堆滿身臭汗的業餘登山客
2,展區規劃欠佳，缺乏飲水機及座位休息
2," 很多人，也許他們是當地人  而且氣味不好，我不喜歡這種氣味  我父親說我們不要再來這裡了  我同意，但是我覺得這裡是夜市  有很多人，可能是當地人  真正奇怪的獵物雞蛋爛了，走路時我似乎直嘔吐不要壞爸爸告訴我不要再來這裡如果您覺得當地的氣氛，我們建議您去        ,, '         '        "" '    ""       '                                    "
2,現在到處人人自危口罩是必須品，走到哪兒不管老闆還是客人大家都帶的好好，這裡炸物很多，蔬菜的價格不便宜，水果也有這離龍山寺近可以去逛逛
2,跟團去 導覽花掉大部分時間 沒空放空得悟靜思 直念 約束 心情都沒了 去佛地受人氣 真是大失所望 我以為佛教比較不會置入行銷 還是這裡例外?到目前最令我反感的個聖地
2,可憐的鳥兒失去了應有的自由，無法盡情地飛翔，被鐵鍊死死的固定，每次經過都看到牠們在啄腳上的鍊條，雖然聽不懂鳥語，但那叫聲中的淒厲，聽得人心酸，彷彿在訴說著悲哀的生，或許遇到好主人被買走時，有機會拍拍翅膀飛行吧
2,蚊蟲多定要防蚊液，現在什麼都沒有了，也沒有任何解說 要上山，要從面向神社左邊涼亭的左側小徑上去，非常隱密
2,已經沒有景色了，後面全部都在改開發，可惜
2,無聊有空到處走走順便尋寶兼運動
2,東西尚可環境普通 景觀不錯而已 服務就算了 不予置評
2,老實說，除了環境以外，餐點很普普來過都次就不會再來的店
2,昔日的渡船口，現代的基四號疏散門
2,沒有可休息等船的好環境
2,匆匆來去，只是在秋末還有康乃馨可以買真的很棒！
2,信仰中心應以禮為基礎！從服務人員到工作人員身上只看到傲嬌的態度完全失去信仰中心該有的精神
2,旁邊小攤主菜平平，副菜比民工的吃還爛
2,無趣，惟可玩的要排很久的隊
2,這個地方排外性很強 不大願意讓人隨便進去看 禮拜5的時候週邊都亂停車 很糟糕
2,超多大蚊子，很髒亂，有些地方在整修，若沒改善；不會想再來這裡
2,可能不是花期吧，就覺得只是很普通的走廊，  不需要特別去走
2,個人越來越少商店會要關光光，的個爛商圈，店家租金太貴然後把價錢轉嫁給消費者，又貴又難逛的商圈
2,地方太小，又有個餐廳在裡面佔據蠻大的空間，沒有什麼特色
2,整體環境設計風格顯著且舒適在消費上就是要你多花不少錢～    會計人員頗兩光，上過的課程金額算錯（少算）而且還是隔了好幾天才跟我聯繫說算錯還把多給的點數扣回= =    某次因工作需要了解看展，（同事直主動聯繫對方）負責的公關員回覆跟聯繫可以拖到兩個星期後才以模糊的理由婉拒，在這之前陪同是去看展時發票是給工讀生開的，這不打緊但還可以開錯兩次讓同事多跑幾趟（雖然離公司不遠但觀感很差）（另外也是有熱心的工作人員）    以前去聽日本的字體設計師的講座，翻譯人員講到後來直接請台下的設計師書籍翻譯來幫他翻譯，用心程度令人汗顏（功課沒有做足）    課程部分價格高，且不會事先特別說明課程內容或是適合什麼樣的人去上課（網頁只會說的很大概，但想知道更進階的細項無從諮詢，服務人員無法完全了解，甚至有些是工讀生）    餐廳部分價格過高，強調有機跟當地特殊食材，調理普通整體想要營造精緻的感覺，如果只是想要去吃氣氛想要有大點的座位空間可以去吃～
2,餐點不及格，價格偏高味道不佳  真的可惜了
2,小時候的記憶  情人廟  #冷冷凊清
2,玩具博物館！打發時間可以啦
2,溜滑梯的動線設計不良，整個場所塑膠味很重
2,整趟的河岸步道很可以，但是中段開始有山莊住宅區的生活廢水排放，造成中後段水質惡臭及水中死魚未撈除（生態！？），比大溝溪生態還差，可惜了（附上：黑水溝溪）
2,"骨科手足外科很遺憾，無法令人感到專業  就診經驗如下  第次看診，叫病患買1600元手護具，又叫病患去照核磁共振，照完核磁共振之後第二次回診看結果，看不到核磁共振影像說無影像，解說病情，說是""線之差和同部位""有說和沒說完全樣病患買了護具，又對病患說，這是戴舒服的，有戴沒戴護具都可以為何買之前不說?又預約第三次去給復健科醫師看已經說了做復健會更腫大更痛，還叫人去做復健  害病人連續好多天，問過各單位，四處奔波找自己的核磁共振影像，    第次和第二次，感覺沒治療，病患也不太清楚自己的確切病情看完台大實在太痛了，離開台大後，直接去找別的醫院治療別的醫院立刻治療吩附不要做復健，要多休息  事後，自己花了400元買核磁共振光碟，立刻有影像    (: 全根據事實，有家人作證)  (: 1600元護具，有需要再買 ，不用向台大買)"
2,可惜這樣大片的場地，多年後拜訪，舊只能更舊，溜滑梯破舊毀損不能玩，設施老舊不多，沙地還佈滿石頭，又硬    希望能夠好好規劃這片北市的空地，明明可以做很棒的共融遊憩區，或者規劃更好的踏青郊遊場地，可惜可惜再可惜
2,蒜蓉蒸鱸魚$390    其實還有附碗紅藜飯但沒吃所以沒有入鏡 魚不會辣底下還有小片嫩豆腐，因為現蒸等15分鐘媽媽點了山藥燉雞盅$390但湯很不熱 我副餐的湯也是冷的！    品茶 單人$350-$400是很厲害的茶 茶點$80-$100，選擇很多喔！點餐店家招待的茶格外的超級無敵淡不知道是故意的還是為了品茶    座位有般的桌椅區或是榻榻米需拖鞋位子，整體來說餐點超級無敵普通可能要來享受品茶才能感受這裡的魅力 服務人員很明顯不夠訓練也很不夠服務不是很好    庭院有三顆紫藤樹喔也可以等春天花季來看～    有服務費 可刷卡
2,逛陳列商品讓人心情很好，結帳女店員讓人不舒服，結帳說主動說要刷載具，回說我們先付帳，刷完載具 開始看向遠方說好了看我沒走又再說次好了????小姐~妳沒找錢阿
2,地點不好找，很小間，日文書種類少且出版日期陳舊，比不上其他日文書店
2,為了搭兒童館的小火車特地前往  結果現在改成預約制 限額20名  （10點和14點各場 ）  即使人少現場也不開放入場  超過時間就不給進場  既然來了決定特地等到下午  沒想到已經不是電動的而是滑步  取而代之的是單純木頭車頭在軌道上滑  完全沒有特地登記還強硬管制的價值？  況且又不是暑假旺季  積木玩具也是的  令人失望    這麼大的空間優勢  整體規劃卻很浪費  很多地方不知所云  鐵道迷會空虛  遛小孩也空虛
2,攤商多 ，有多元選擇 ，但環境髒亂
2,小時候去過，超過30年沒去了，這次也只是開車經過，沒進去，不好作評論
2, 週閉館        
2,東西還好，跟外勞擠來擠去的
2,對外地人收費的公園，不友善
2, 祖母爺爺        
2,以前可以走，可以躺，現在為了牛，全部封起來！
2,我要努力把評分拉低點，這樣才不會讓太多人來
2,本來就不大了外面還有市集攤位圍著車站是要怎麼拍照？
2,門面黑黑的，有點讓人不敢進去進去是楊英風作品商品化的販售部，有點擠，看完不敢也不會想上下樓再走走看看，樓上應有楊英風的展覽
2,服務人員很不耐煩欸  問答  不能幫信眾直接把整個流程說清楚嗎
2,郭董砸大錢，少了－點什麼，沒內容
2,樹太少，地大，老人兒童遊戲場太少，沒心建設
2,有新的籃球場但是晚上完全沒燈 如果有燈會更好
2,雖然市場很大 可是幾乎都是同模式 相同的 攤商 太多
2, 普通      
2, 索索      
2,真有點普通，沒啥讓人想要再去的店！
2,吃起來 般般 再差點 ，但也算完成火影夢了！排隊 會排到快瘋掉，排隊排90分鐘，這個氣氛都感覺特別掃興！查克拉都要被時間給吸光了！  丸子 很好吃    拉麵嗎 ？ 附近的那家比較優！  來吃只為 完成火影夢！  店員服務很好！  唯有就是排隊，壞了我的心態  建議要來完成 火影夢的朋友  先去掃  然後去看步電影 或是逛逛街再回來！  內裝是很不錯！但我比較偏愛做門口那排，才有鳴人跟伊魯卡或是自來也 起吃的感覺！聽起來套別熱血～
2,學生可以人佔30個位子，面紙小張也可以佔位子，不讓外來人有任何機會老師很好，助教很好覺得老師在這裏，除了高薪之外，應該會受很多學生的氣
2,適合休閒的公園也適合騎自行車
3,曲譜種類繁多，但櫃檯小姐服務態度不怎麼樣
3,很大，挺高檔，人潮稀稀落落
3,許多傳統皮鞋，不穿也不會壞
3,空間不錯 但洗手間較不方便  休息乘涼的地方沒有很好
3,店家有點分散，空空蕩蕩的，應該可以再更好
3, 它類似於龍山寺       
3,不好停車  台北市少數能點香的廟
3,還算空曠，但池不大走走還可以
3,有活動的時候是個不錯的休閒場所，沒事公園散步也還行
3, 台北車站附近是個綠油油的公園您可以在公園裡度過悠閒時光，或參觀博物館所在的國立台灣博物館      台北駅近緑多公園公園過国立台湾博物館公園内博物館見出来
3,門票50，包包要另外收起來，有投幣式保險箱，裡面門窗緊閉，空調又不給力，逛沒多久就已經頭暈目眩，只好草草結束趕緊出去！
3,這要真的熱愛山林才值得拜訪，否則天炎暑熱，路徑綿長，確實不定感到舒適自在途中溪水涼亭間歇休息，從步行中體悟生活
3,福林橋旁，廟埕有停車場拜拜很方便！
3, 換崗儀式很有名      衛兵交代式有名
3,陳展內容太少，文青氣息大於實質內容的地方
3, 市場上的寺廟        
3,11月下旬，聖誕節的燈飾，已經佈置的美輪美奐每逢週末假日，總有活動，充滿熱鬧氣息，人潮眾多還有街頭藝人表演，適合闔家出遊的地方
3,好天氣不妨去走走，可以放風箏，還可以踢足球
3,"親子休閒健走的好景點,可惜停車很不方便"
3, 很方便！       !
3,這個景點沒什麼特別的，就是來這走走吊橋這樣久久可以來次
3, 這家醫院建於日本殖民時期，由近藤十郎設計，就像紅房子樣  由於仍被用作醫院，因此可以參觀內部，但是在操作時請務必小心      日本統治時代建病院設計西門紅樓同近藤十郎手掛  現在病院使内部見学可能際配慮願
3,交通方便，環境清幽，歷史悠久，不過寺內裝潢翻得有點太新，已失古味
3, 小而友好        
3,河濱車道，建議傍晚時間來
3,兩個遭到蘇迪勒颱風侵襲掉落招牌砸歪的郵筒，由於其造型可愛而獲得民眾的高度關注
3,可以參觀體驗，不同的文化風俗
3,重點整理：算是個踩點行程，適合拍拍美美照，看看不算太豐富的歷史文物    鼓勵：古蹟肯這樣整理開放參觀，讓大家了解自己生活地區的歷史脈絡，必須支持！    細節：各處牆上會有碼，可以掃進去會有語音介紹歷史文物喔！
3,小土地廟，小公園，和土地公打招呼，城市裡歇腳的地方
3,算很好爬，而且不高，下就到頂了，結果最高點竟然只是何國華先生及其母兩座大大的墓，沒有觀景平台很可惜
3,貫穿花博美術館園區，到新生園區必經之道
3, 這個新建的車站矗立在舊車站的舊址上你可以在裡面找到些火車站和街區的舊照片                             
3,鬧中取靜，看看古蹟，感覺還不錯
3,男生廁所好窄，後排位置看不到投影片
3, 這是個不錯的小寺廟，我們在  等餐桌時去了那裡這座寺廟有些漂亮的柱子和個漂亮的天花板，上面有紅燈它是個非常當地的寺廟，如果你走過去看看就知道了台北有更大更好的寺廟                                                          
3, 規模雖小，卻可以隨便享用頓美味的早餐      規模小気軽美味朝飯
3,"胡先生""身前智慧身後榮歸""蔣先生待胡先生""有情有誼有恩怨"" --源流成"
3,小展館，還分上下樓，週邊停車位難尋
3,淡季，沒有海芋整體而言還不錯，溫度比山下大概低個五度，要來的話建議要穿個小外套
3,靠近松山車站，捷運站交通方便
3, 建於 1921 年的日式木造建築據說起源於當時最高級的溫泉旅館喀山旅館  目前，除了展示建築物的歷史外，它似乎已成為台灣原住民文物展覽宴會廳懷石料理會議室和劇院等多種活動空間  還有個茶室，即使你在台灣，也讓你有在日本的感覺  我參觀了附近的溫泉後停下來離新北投很遠，可能不值得路走下去      1921年建日本式木造建築当時最高級温泉旅館佳山旅館  現在建物歴史展示他台湾原住民文物展示宴会場懐石料理会議室演劇様  茶室台湾日本感覚  近温泉行寄新北投遠行
3,1960設立主祀関聖帝君---大型寺廟北投區十大寺廟之建築格式類似三峽行天宮
3, 附近是醫院，但是不能進去            '   
3,中華科技大學走到象山，慢慢走約3～4小時  景色佳，有休息點，有涼亭  九五峯旁洗手間故障待維修，只有象山觀景平台處有洗手間      中華科技大學走到像山，慢慢走約3～4小時  景色佳，有休息點，有涼亭  九五峯旁洗手間故障待維修，只有像山觀景平台處有洗手間
3,輕輕鬆鬆離台北市區很近的大自然運動場
3,私人土地 宗祠  只能在外遠觀  不對外開放入內參觀
3,1915年台灣茶葉之父的 李春生 獨資捐獻禮拜堂，全台教會 最具規模七殿堂之，二個側邊門，沒有大門
3,距離芝山捷運站不遠，不過人潮很少展區很小，免費參觀，比較適合學生發表或小型的展覽活動等
3,"來回大概半個小時的路程,相當輕鬆,可以看到新光大樓及101大樓"
3, 蛋糕      
3,廟宇旁的休憩空間，挺舒適的～    隨喜咖啡配風景，疫情期間也能透透氣的好所在
3,將傳統造紙術完全呈現在眼前，難得見
3,想結婚的情侶，來這就對了
3,十幾年前去內湖紅樓是廢虛覺的可惜，現在重生了，讚！
3,個小山坡 視野良好 三角點在木棧道下 透過玻璃可以看得到
3,假日人很多，建議避開尖峰時段
3,因為工作關係，所以無法在開演前入座在外面等待可入場時機，原本說是10～15分鐘後，可能入場，結果當然不止等這個時間，等了30分鐘後，直到位老先生表明他是某人朋友時，我們這群在門外的觀眾才得以入位
3,三鐵共構又有商場，停車也方便，只是地下停車場的標示有點不清楚
3,不錯的環境，幽雅的佈置裝飾，搭配臺灣偉大的舞蹈家
3,淡水河味道很重，夏天蚊蟲很多
3,非員工需要換證才能進入，這裡是台北市的民意殿堂，政治明星的搖籃
3,黑白蓋每個縣市都有是為了消化預算錢太多沒地方花啊？？都亂亂蓋蚊子館政腐錢太多多到花不完的樣子呢！
3,餐點選擇不多，比較像是遼寧街小吃不太像夜市
3,所買的鳥類日用品及食物都比較貴店舖不算多
3,很多好吃的 喜歡生煎包路口那家比較好吃
3,人文氣習濃郁，進來後感覺自己有氣質多了      人文氣習濃鬱，進來後感覺自己有氣質多了
3,路過，坐捷運稍微散步可以抵達
3,在聯經書房的1，櫃上的書籍陳列不若以往豐富，可能都接網路訂單吧？
3,不錯的紀念館  但對學生而言可能不太適合  太綠了
3,整個會館環境很乾淨，內部展覽品不錯2018121
3,運動休閒風可逛商店街，最有特色伯朗咖啡館，交通便利！
3,走線型公園或地下街都不錯
3,地點佳出入的人複雜難管理
3,全程12公里到新福本坑林蔭步道，可接著前往緣覺瀑布，往回走到大溝溪公園，適合親子半日遊
3,商圈從小到大的衣服可選
3,霞海城隍廟對面，也是保有古蹟特色的郵局
3,辛苦了，環保清潔工作人員每天不停地為清除我們不斷製造出的各種垃圾廚餘回收等廢棄物而努力，看到－車接著－車的垃圾車來到焚化場缷垃圾，滿坑的垃圾被似抓娃娃机的爪子－把－把的抓起投入焚化爐，果皮樹葉则被用於堆肥作環保土再利用，沒有垃圾焚化場，我們每天应都與垃圾為伍，甚至早被垃圾淹沒，人人真的要少製造垃圾，並確实作好分類，適合人類生存的地球只有－個！景觀台可360度環視周邊地理景觀，值得－看！
3,在樂利路上，展示空間不大，時有特定內容展出！
3,是條單車練習爬坡初階的良好路線 ，路平寬視線好有緩有斜也有平 ， 附近還有中級的中社及熱門高階的風櫃嘴
3,喜歡花花草草的還蠻值得去走走逛逛
3,沒什麼東西，不過很幽靜，入口前有個好漢坡
3,風景很美，可以看到基隆河與淡水河交會的壯闊景色有涼亭及躺椅供旅客休息大遍的草地開滿花朵，是個不受世俗打擾的好地方路邊好停車
3," 如果路過的話順路去看看也不錯，但我覺得不值得去          ,     "
3,環境還但是比以為的小滿多的，薯條炸雞不錯吃，魚不是很新鮮
3,在這裡老死有啥好聊 這裡不是觀光客適合來的地點 附近叫的出名字的景點 大概就青年公園和植物園 離萬華近 南機場主要是賣食物 服飾店非常~少 小吃越來越貴老店慢慢消失 但因為沒有故意坑人 所以還是有人喜歡來 只是也不必特意過來吃 口味沒有那麼厲害 都只在安全範圍內 早年會紅是因為價格便宜 這項優勢也逐漸消失中被國外報導過的肉圓是開中午~下午的 晚上沒有
3,"由此上山的坡度較陡,陡上30適合腳力好的朋友嘗試"
3,上去的路很陡 無路燈 第次去體驗差
3, 很棒的收藏，但太小了          
3,很有特色的建築，可以慢慢逛  不過很小，最多逛個兩小時左右可以逛完
3,2022年9月的秋季蘭花展，真心建議不需特地過來參觀因為平日建國花市所展示的蘭花品項，數量遠超過此地展覽內容
3, 好地方       
3,很適合春天踏青路線夏季也不错
3,離捷運站很近 ， 有廁所蠻乾淨的
3,台北花市歷經五次搬迁，於今位在内湖堤頂大道民權大橋南側，軟硬体設施日趨完善，惟因經濟不景氣，國民消費緊縮感覺市况不甚活絡，原本規劃設計為批發市場供業者採購的地方，現今演变成零批市場，混乱了市場機制，無法跟上現代化，國際化的脚步，是美中不足，需要努力的方向！      台北花市歷經五次搬遷，於今位在內湖堤頂大道民權大橋南側，軟硬體設施日趨完善，惟因經濟不景氣，國民消費緊縮感覺市況不甚活絡，原本規劃設計為批發市場供業者採購的地方，現今演變成零批市場，混亂了市場機制，無法跟上現代化，國際化的腳步，是美中不足，需要努力的方向！
3,不用收費，有植物及鳥類可拍照
3,台北近郊健走踏青的好地方
3, 有很多吃的小寺廟           
3, 它在個不太安全的地方  可以說華西街周邊地區，但最好不要太晚  它也是台北最容易犯罪的地區  個女人特別小心  遠離繁華的華西夜市  -有許多妓女偽裝成卡拉店      治安良場所  華西街周辺全般言事遅時間控  台北犯罪多発地帯  特女性人要注意  賑華西夜市離  三水街屋偽装売春店多数
3,沒什麼特色店家和商品，順路看看就好
3,汽車停在平等里警察局，需走小段馬路到登山步道口，來回2小時      汽車停在平等裡警察局，需走小段馬路到登山步道口，來回2小時
4,菜色很多 光是地瓜就可以20幾種 很好的買菜選擇 可惜離家遠
4,清幽環境/作品頗有具水準
4,清水祖師為安溪人的守護神，早期臺北盆地周圍田地多為安溪移民所開拓關於清水祖師傳說甚多，據說每逢天災巨變前，其神像鼻子便會掉落以作為警告，因此又有落鼻祖師尊稱這樣鼻子掉落的神蹟據說在艋舺清水巖祖師廟屢次出現，而且從以前直延續至現代在中國大陸福建安溪祖廟，只有記載神像鼻子曾被刀割斷後人們取而黏回，並無相關神蹟顯靈記錄，因此推測此落鼻示警為臺灣的清水祖師信仰獨有，且由艋舺祖師廟開始的
4,隨然東區有點冷清但還是很好逛
4,在新店溪邊的自行車道，可騎到碧潭風景區
4,台北市裡，走走看看很不錯
4,不只是車站，還是個商城加美食區
4,演出水平高值高，可以邊喝飲料邊近距離觀賞，很有特色的小劇場樂集
4,現在有跳青蛙 的遊戲 成功跳進北投指定位置， 會送桌遊份 
4,台大當中較新的大樓  裡面環境設備都不錯  很多外單位會借場地  唯小缺點是距離正門很遠  建議從科技大樓站出口比較近
4,好天氣可以走走逛逛拍海芋
4,設備新又多又考慮到安全
4,志工們服務態度很好且仔細解說，免門票，有兩層樓可以參觀，可了解歷史文化的悠久
4,假日逛街的好地方!! 常常有活動舉辦
4,四周有攤販，位於公園中，可拜拜休息
4,地處山頭，視野良好，與樟湖步道相互呼應，環境乾淨，可以吸引人們來此小憇
4,視野開闊，蠻生態的公園，天氣好可看到101
4,設施與視野很不錯，唯缺點是座椅不適合久坐，椅背太直，與前面椅背太靠近，腿部空間太小
4,非常有原史意境的公園感覺很棒
4,"步道,腳踏車齊全,視野寬廣"
4," 自2018年以來，這家書店開墾了它的前沿區域，無論從物理上還是從智力上，現在都是明亮的        2018      , '  ,  "
4," 當地社區中心，有時會在這裡策劃孩子們的藝術品        ,    '  "
4, 我經常和我的韓國朋友去的地方       
4,松江路命理街成立時間已有30多年之久，就位於行天宮前的民權東路松江路人行地下道，早年拜行天宮香客川流不息之賜，許多民眾到廟內求籤，也會順道至命理街找老師，再確認次答案由於許多老師命理預測未來功力神準，久而久之名氣不逕而走，加上國際觀光客的推波助瀾，讓命理街紅到國外，許多日本香港韓國等電視媒體和藝人，也都慕名而來算命拍攝節目，小小的命理諮詢室裡掛滿來自國外藝人合照的相片，就不難發覺此地的超夯人氣了！
4,兒童遊樂場很好玩，小孩玩的很開心
4,听这里的讲解员说，当年修这个中山楼实属不易，如前所说，是在硫磺口修建，先是把95%的硫磺都抽出了，然后在上面盖楼，但仅剩的5%对于建筑本身来说也够呛，所以修泽兰经过反复的试验，只选用了五种不易受硫磺腐蚀的材料，即：金玉木头石头和贝壳但是从1966年建成到现在，整个楼也还是成了危楼不过我们参观的时候倒是完全没有那种岌岌可危的感觉，相反还觉得挺结实的      聽這裡的講解員說，當年修這個中山樓實屬不易，如前所說，是在硫磺口修建，先是把95%的硫磺都抽出了，然後在上面蓋樓，但僅剩的5%對於建築本身來說也夠嗆，所以修澤蘭經過反复的試驗，只選用了五種不易受硫磺腐蝕的材料，即：金玉木頭石頭和貝殼但是從1966年建成到現在，整個樓也還是成了危樓不過我們參觀的時候倒是完全沒有那種岌岌可危的感覺，相反還覺得挺結實的
4,花香，青翠綠樹，微風飄來甚是舒暢
4,挑個非假日去 否則都是人
4,有大片的魯冰花，搭配田園風景，很美  從貓空纜車站出發，路程約10分鐘
4,具有歷史文化意義的遺跡  不過管理上有點不夠完善  比如私人利用應該禁止等等
4,公園雖然小，地點也較偏僻，但有著乾淨整潔的步道，漂亮的花朵，充滿綠意的池塘，是值得來此走走
4, 我並沒有期待太多，但我去了，因為它離我的公司比較近這是項很好的運動，而且很舒服      期待比較的会社近為行何気良運動快適
4,假日都是小孩，很難逛，景尚可
4,路邊快炒有好吃的薑絲大腸
4,環境平靜，適合居住的地方
4,逛圈要走2萬多步，有運動到又可以看動物，真不錯
4,"餐飲店類型多, 日本控會愛"
4,早期是礦場擺放廢料的礦渣湖
4,可以觀賞到豐富的鳥類以及自然生態
4,南雜貨應有盡有，進駐很多值很高的店家，假日無聊嗎！前往促進經濟繁榮吧！
4,戶外活動的好地方，有大片草皮很適合放風箏，玩遙控飛機及遛狗的地方，人少不會被干擾      戶外活動的好地方，有大片草皮很適合放風箏，玩遙控飛機及遛狗的地方，人少不會被幹擾
4,今日到訪該圓區，戲水池人滿為患，參觀過自來水博物館及觀賞其簡介影片在台北市近處算是交通方便，公管捷運站4號出口推薦給台北市民親子遊戲的去處
4,很有懷古味道的好景點，人也不會很多，適合拍照~
4,我們因著鄭南榕先生的犧牲，換取了言論自由的權利這是個沉重但意義非凡的革命之地
4,捷運站旁的公園，佔地雖不大，但是湖中生態豐富，許多人在此垂釣，水鳥在旁邊等著上鉤的魚兒，湖中還有鵝鴨划水，還有人遛狗遛小孩形成有趣的自然美景畫面
4,動線規劃不是很好，但是內容蠻有趣的，特別是導覽影片做的非常棒
4,夜市小吃不少，價格也不至於太貴
4,帶著欣賞好學的心情走訪下會有收穫的二樓些文物雕刻的很精美
4,非常少見的馬蹄形市場，雖然無法還原到最原始的狀態但是能做到現狀已經很不錯了，原來市場內的小排水溝已經填平，菜攤的水泥平臺只剩下兩座，而且要注意去找才知道在那，現在變成商品展示台，也算是回到原本的功能，但是如果有指示牌會更好入口處上方的台北市徽不知道還在不在，因為被鐵皮棚架擋住了裡面有咖啡座，可以在這裡點飲料悠閒的坐著聊天還不錯後方新建建築也是個拍照地點，上面的遮雨棚設計的不錯，兼具通風與採光和遮雨功能來萬華地區逛蠻建議順便來這裡晃晃，惟地點位於三水街市場內對般觀光客來說比較不好找
4,"四週靜謐,不時有鳥叫蟲鳴聲,讓人心情平靜  從夢幻湖停車場往上走500公尺的石塊階梯,即可抵達,只是對於我剛在擎天崗環型步道走完大圈,再走這500公尺,是有點吃力"
4,有传统特色的街道，有很多日据时代留下的官府，其中好些被改造成了精致的小店面街道不长，周边许多高档住宅小区，所以街道不会太吵，是比较安静的步行街点了杯50岚，话说是大陆点点的原身，真心物美价廉啦～      有傳統特色的街道，有很多日據時代留下的官府，其中好些被改造成了精緻的小店面街道不長，周邊許多高檔住宅小區，所以街道不會太吵，是比較安靜的步行街點了杯50嵐，話說是大陸點點的原身，真心物美價廉啦～
4,有各式各樣的皮鞋提供消費者挑選
4,疫情關係也沒什麼人到訪，顯得冷清許多  附近倒是很好停車（華山三創華山對面（齊東街）華山旁邊（杭州北路）)  天氣好走走可以在繁忙的台北感受到舊時代文化的空間
4,同心池雖然是人工刻意營造出來的打卡熱點，但不同的季節或時間點來到這裡，總會有不同的感受；上週再次造訪此處，又跟先前的景觀不同，尤其逮到個沒有其他遊客來訪的空檔，留下無人打擾的同心池，靜靜佇立在內湖的山林裡！
4,建築莊嚴 水池與大殿令人心靈平靜 園區佔地不大可以輕鬆逛完
4,古蹟廟宇，宗教信仰的地方
4,最近比之前12年來的慘狀之後稍微熱鬧些了！  也有些新的攤販店家加入，價錢也不會像以前那樣子像水果攤有坑殺客人的狀況，大家有空還是可以過來喔
4,米其林店家就有三家  但是其他好吃的美食小吃也很多  算是很其中的個夜市
4,蒲添生是位出身臺灣嘉義市的雕塑家，也是台灣雕塑第人他的岳父是陳澄波油畫家(228受難者)，記念館有很多他的珍貴作品，1932年，他考入帝國美術學校膠彩畫科就讀，後又轉入雕塑科1934年，他從帝國美術學校轉入雕塑家朝倉文夫私塾門下；在其嚴格教導下，他練得了深厚的基礎能力和正確的雕塑觀念愛好藝術朋友可以先打電話給紀念館预約參訪
4,夜晚很放浪漫，晚上在這兒散步跑步騎車，很舒服～
4,搬遷到懷寧街8巷十分狹窄，招牌不明顯還真難找，日文書籍雜誌這裡比較齊全，除了賣書也是出版社
4,水泥都市中的綠地，舒服清新的感覺
4,走起來舒服，但路程稍短，路上有許多休息座椅
4,疫情期間，空氣流通性可以再改善，音響效果佳，聲音震撼到心臟都快跳出來，有點受不了，患有心臟疾病的患者不建議去參加
4,需要市府文化局大刀闊斧，用心修復活化再利用老宅再生
4,發呆 放空 逛逛 人看人 大眼瞪小眼的好地下街道
4,日本人建築 相當有特色的準古蹟
4,舒適的逛街環境，能從台北車站路走地下街到雙連站
4,"還不錯大的公園, 運動散步兩相宜"
4,五分吊橋位於台北市內湖區五分里，建於日治時期大正七年(民國7年)，    是內湖區跨越基隆河最早的座煤炭運輸專用吊橋，橋面架設輕便鐵路，    主要行走輕便三分車，將內湖地區生產之煤礦運送至南港火車站集散地，    再利用火車轉運到外地，對地方經濟產業貢獻良多    橋面於民國60年間因斷掉而拆除，目前只殘留北岸的橋柱，    為台北市區基隆河少數現存之吊橋遺址      五分吊橋位於台北市內湖區五分裡，建於日治時期大正七年(民國7年)，    是內湖區跨越基隆河最早的座煤炭運輸專用吊橋，橋面架設輕便鐵路，    主要行走輕便三分車，將內湖地區生產之煤礦運送至南港火車站集散地，    再利用火車轉運到外地，對地方經濟產業貢獻良多    橋面於民國60年間因斷掉而拆除，目前只殘留北岸的橋柱，    為台北市區基隆河少數現存之吊橋遺址
4," 古代德威觀音廟宋高空白蛇魔等台灣電影             ,,          "
4,食物味道不錯，但是價格偏高
4,捷運站旁的地下街商圈，  吃的用的穿的戴的都有，
4,有台灣總督府專賣局看板的商店
4,巷弄裡的古蹟，來此只能看看外觀，所以最好参加古蹟巡禮，才有更多的了解，附近也還有很多古蹟，可以起参觀
4,還有部分留存至少五六十個歲月的遺蹟！  工廠整新維修遺留下令人回味的木造建築，在現下水泥鋼筋的都會叢林中，彌足珍貴！  本週末又搭配台北蚤之市經典車市集活動，有空不妨到此走走，看看跳蚤市場中你的垃圾，別人的寶貝，曾經在你我記憶中出現，但受時代變遷喜新厭舊的物資，有人蒐集保存，現今價格，令人咋舌
4,從大溝溪生態公園走親山步道至此，還算好走，路上景緻優美，空氣清新
4,臺北市水上船類運動的水上碼頭
4,高挑的用餐環境 放鬆 也有戶外坐位區 只是餐點選擇性較少 份量也不是太多 適合聊天下午茶 假日去時 沒有限制我們時間 可以好好聊天 又不會太吵雜！
4,交通方便，很好逛街，也有很多好吃的餐廳
4,愛爵士樂的我，很推這裡，唯遺憾不能刷卡功能有點不便，其餘實在完美，入口有點黑度想說不會吧～
4, 小學和學生髮現廢棄建築並進行了裝修        &    
4,老茶莊有口埤值得大家採購
4,錦安公園旁邊街弄中兩旁大片日式宿舍群更是見證台灣在日治時期那段台灣林業歷史歲月印記
4,人非常多！東西也不錯吃，但是要排很久
4,廳不大但頗舒適，工作人員很多開演前有場管看見小觀眾，主動來詢問可提供坐墊送來高墊子讓小觀眾可以不被大人遮住
4,非常適合夏季到訪的近郊景點
4,綠草如茵，優美的水岸散步，運動，嬉戲皆宜~
4,古式外觀很美很吸引人入內瞧瞧，但總是假日才能探訪，始終無緣實在遺憾
4," 如果您正在尋找新穎的東西，那麼這個地方是您的首選               ,     "
4,歷史景點，無論是拍照畫畫寫真，都很有參考價值，值得看
4,空氣清新，社區居民往來駐足停留不會太久，適合獨處或與家人朋友聊聊天或散步，清幽雅緻!
4,這幾年有在進步，整體上還不錯，但有些牆面有作畫卻已掉漆情形，希望能補救回來，讓環境可以變的更好
4,想買衣服的好地方，大人 小孩都有，買好買滿 離龍山寺夜市也不遠逛到腳酸，吃飽 喝足，回家交通轉乘方便，捷運 公車 台鐵任你選
4,20190331中央藝文公園是個蠻新的公園，正好位於台北市華山藝文中心正後方，交通非常便利，可以從忠孝東路，沿著杭州北路走進來，或是從市民大道過去，不論哪種方式都可以很方便來到中央藝文公園  在這裡假日到處充滿歡樂氣息，可以愉快地與家人朋友野餐帶著小孩在草地上奔跑或者帶著家裡的毛小孩出來跑跳可說是好天氣台北市區出遊的好選擇這個公園有許多的椅子，還有二大片的草地，可以讓民眾散步休憩；雖然沒有太多的休閒設備，也不建議帶狗狗進去藝文特區內，但是在這裡也足以消磨下午
4, 緊湊的夜市有很多好吃的攤位，不是太寬也不是太窄，走起來很方便氣氛也很好      夜市広狭歩美味屋台何軒雰囲気良
4,帶有文青氣息的市集，買賣需要多比幾家再下手，畢竟玉石是沒有明確的訂價
4,很棒的天然土徑，又有遮蔭，走來相當舒服但要注意高壓電線，蚊子和蛇類(高壓電線之前碰到條眼鏡蛇就在步道邊)
4, 通過更新樟腦工廠而創建的新博物館還有日本時代的視頻廣播，這將是項研究      樟脳工場新博物館日本統治時代放映勉強
4,生態公園，在里民以及佛教佛乘宗的用心立牌解說，是小朋友極佳的生態之旅勝地，臨近新東街的傳統菜市場，貨色琳瑯滿目，旁邊還有家樂福，畫廊，水族街，值得遊      生態公園，在裡民以及佛教佛乘宗的用心立牌解說，是小朋友極佳的生態之旅勝地，臨近新東街的傳統菜市場，貨色琳瑯滿目，旁邊還有家樂福，畫廊，水族街，值得遊
5,七堵到六堵左岸陸續接通中，目前右岸已接通五堵隧道可接汐止台北了
5,氣氛很好的餐廳，對小朋友也很友善，晚餐套餐（我們點)每道都好吃，最後的可麗露意猶未盡
5,場館修復的很好，裡面充滿文學氣息，疫情期間可以偽出國感受下日式建築的美妙之處
5,有母娘的護佑，還有文昌地藏王菩薩月老及五路財神，逢年過節濃厚的信仰集結，爬山運動散步好去處
5,多美的地方我無意中發現了這個裡面的工作人員非常友好，並且已經按照高標准進行了翻新如果您在附近，非常值得遊只是個小樓梯可以爬上去或走上路                                                  
5,停車位超多 ️，空曠舒適的國家級場所，藝文活動來這就對了
5,爬山路過第次到訪，遇到師父給了我串手環️謝謝 阿彌陀佛
5,全程都有石階步道，高低起伏不大，適合簡易散步，約可在20分鐘內走完
5, 好的      
5,目前兩次的展覽都很讚，尤其是第二次本來覺得主題可能般，但內容令我眼睛為之亮，而且周三還提供學生免費入場，推薦大家造訪
5,舒適，可以找到很多靈感的地方，咖啡店也很不錯
5,佈置的很好，很適合親子共遊
5,#騎的日常  #藍色基隆河  讓人想起藍色多瑙河    今天沒有厚厚的雲層包著太陽  所以今天的日落反而沒那麼艷麗  前幾天基隆河就沒有流動而且往上流  今天基隆河水感覺蠻豐富的往下流  樣繞圈，但色澤都不太樣！  今天換成藍色調也蠻好看的！  今天晚上又讓我想起藍色多瑙河  2021年7月15日晚上5:37到7:56車資$45
5,適合全家大小休憩的地方
5, 時尚小鎮      町
5,信義區必遊景點，最近多了蝙蝠很刺激(̴̴̛̛)
5, 它有個噴泉表演          
5,雖然景氣不佳，但依然滿滿人情味的好所在
5,夜景很美，步道路燈沒有非常密集，晚上記得要開手電筒，走完步道之後還可以去逛逛景美夜市
5,之前在館內購買商品有瑕疵，告知後馬上處理，製造廠商也立即寄送新品感謝館內人員與相關廠商的用心
5,優質的壽司和生魚片，物有所值清潔和良好的服務我每天早上都來吃壽司（建議8:00-10:00左右早點來，因為你會吃到最好的）         &                   (    8:00-10:00       )
5,爬中正山主要有三條路線:  1從竹子湖號登山口上去，這條步道平行等高線蓋，步道不陡升不陡降，走起來最輕鬆  2十八份山登山步道:路線垂直貫穿等高線，從海拔高度不到300公尺的嶺頭陡升到高度超過600公尺的中正山山頂，步道坡度最陡，走起來也是最痛苦，腿力不佳者不建議走這裡  3貫穿中正山產業道路步道:步道坡度居中，也是最短的
5, 在農曆新年慶祝活動期間特別繁忙的歷史區街上擠滿了食品店，提供樣品和出售來自台灣各地的美食                                 
5,很多珍貴的古董，希望遠方可以保護這些古物
5,景美夜市！阿城麻將麵好吃！
5,台北爬山走走運動好地方
5,義大利著名的雙  這裡就有架~
5,很幸福我們有這個美的公園！
5,無論開車騎車搭乘大眾交通工具，皆非常方便抵達    此處有著相當美麗的山嶽景緻，天氣好時可以看見遠處的山脈稜線起伏，雲間光影在其中追逐，廣大的草原也適合午後野餐玩樂    如起霧時前來，有可能伸手不見五指，也有機會能看見如山水畫般虛無飄渺的山系    夏天涼爽，冬季前往非常冷，而且山頂風大，切記要穿著保暖衣物    如有時間，可走上整圈，此處位於魚路古道最高點，向東北看去，能俯視金山地區平原，在西南方的，則是整個台北盆地，得天獨厚的高處瞭望點，也讓此成了軍事重地，還可看見遺留下來的碉堡等防禦工事
5,音樂書籍 總譜資源多有電子琴原版譜哦
5,值得大家來參觀 珍惜得來不易的自由
5,很特別的場所重塑，讓更多人認識新富町！
5,新鮮的南部色彩，有海味珍點，有美食處處
5,還不錯逛！雖然只來過次！
5,不定期有藝文展覽或中午的音樂會，可以隨時過去看看
5,交通方便，服務人員很棒，空調很好
5,初秋微雨，徐徐緩步，天地同行
5,週末的夜晚人煙仍然稀少，昔日光環已不在
5,文化之旅，訓練師必訪道館
5,今年穗花花況不佳，生態豐富多彩
5, 歷史建築      古跡建築
5,許多時尚雜貨店都有手工製作的感覺，例如在設計節上看到的那些台灣紀念品有很多產品，因此推薦給那些尋找除機場舊紀念品之外的其他東西的人      見手作感雑貨店台湾土産意識商品多空港陳腐土産物以外探人
5,因參加學術研討會，身處及感受其研究氣息相當濃厚，及具領導法學研究的專業法律系所
5,很愜意的休閒的地方，適合休息喝杯咖啡吃小點心
5,古色古香，宛如時光倒流重拾當年輝煌的曾經
5,舒適的展場，精彩的展覽  #景
5,對面有便民停車場，小時$30室內環境優雅，還有綠景庭園，室內有飲水機，廁所乾淨附近有麥當勞肯德基和池上便當
5,台北附近的觀景好地方，從陽明大學裡面的入口最方便，不到半小時就可以覽台北，據山友指點，挑戰有難度的，可以從照明寺那頭過來，風景真的不錯
5,大稻埕天上聖母保佑眾生！
5,很多很棒的文藝展覽!而且有時傍晚會開放學生免費入場，增加年輕人對藝術的親近度
5,很棒的寓教於樂場所，有小孩也看得懂的，也有大人也看不懂的，小小孩也能玩得很開心
5, 好地方       
5,前身是建成國中，現今為美術館，場館規劃的很棒，如果不是當時已近閉館時間，可以在這邊花更長的時間與藝術家對話，雖然思考也是種趣味，不過作品能有更多解說應該可以幫助參觀者領略創作者的理念，希望未來能擴大展場規模
5,離我目前住的最近的車站往南港台北都相當方便，班次也相當的多如果不想人擠人搭捷運的話，可以來松山搭火車比較快
5,老市場新改建增添文青氣息
5,農曆七月來此，正好遇到廟方正進行施食活動，廟裡也有些祭拜活動
5,古道頗有歲月的味道  部份設施破損需修復
5,路邊即可到達，地方小而美
5,範圍蠻廣的，倚靠河濱公園的平台視野不錯
5,門票$30，小孩免費，可以參觀兩館  參觀完，還可以去旁邊的228公園
5,士林官邸公園2022秋季蘭花展
5,推推醋麵 抄手 肉丸肉粽 陳記
5,建議賞櫻民眾搭捷運到北投站轉乘小六公車
5, 內容有限，因為這個博物館主要關注台灣本地人和早期歷史，但細節很好地展示和展示                          
5,領航的妹子超正，是我去三次台北和台南見過最正的妹子^^
5,拾級而上，在大溝溪公園區域令人驚艷的美好景色
5,其實跳蚤市場包羅萬象  無法訴說清楚
5,環境優，氣氛佳，價格可接受
5,適合全家大小出遊有吃有喝有玩還要展覽有電影可以看非常不錯的地方很適合出來走走
5,有朋友來台北玩定推薦來這！！
5,工作人員的介紹，非常棒！  能夠了解創作者的經歷與創作過程也非常有趣！
5,喜歡航運歷史的可以來喔，到10月底免費喔
5,附近有明舉山及康樂山風景優美
5,小時後的回憶，又重見眼前
5, ! 台灣最具代表性的布袋偶戲，可以邊欣賞邊享用台菜，不管本地人或外國遊客都必須來的布袋戲主題餐館
5,台北市最大的蔬果魚市批發市場
5,離市區不遠的地方  有很棒的天空跟山景
5,日文相關書，日本相關書 雜誌，學習用書，分類齊全應有盡有
5,晴光紅豆餅！好吃，旁邊的滷味也好吃，老版很大方，東西都蠻大塊的
5,期待已久的地方  今天去用餐  非常開心  我們點 咖喱飯套餐昆布鍋套餐再加分石鍋飯單點  薯條 杏包菇雞塊還有墨西哥 卷  吃超多的我們2大1小  飯都很入味，鍋的食材很天然，素料少  炸物就好吃 ，最驚訝的是墨西哥卷，因為真的吃飽了，帶回家享用，沒想到樣好吃，推薦！    那裡的服務人員都很親切  地方很悠閒，吃完後到前面及後山走走    雖然今天天氣不好，但隱約可見101大樓  期待下次再去
5,充滿音樂節奏與自由氣氛的場所
5,在這疫情肆虐的三年以來，感謝立榮使用321此機型飛澎湖，讓我們可以體驗噴射機所帶來偽出國的感覺～
5,樟山寺環境清幽，用鐵觀音奉茶，很棒
5,建築很有特色 景點動線很棒
5,全園都有詳細說明，含運動器材
5, 好的      
5,規劃不錯的永春陂生態濕地公園，適合闔家共遊
5, 夜櫻真美！         !
5,幾米的插畫總是讓人時光倒流純真的當初
5,環境舒適，動線方便，有飲水機，有手扶梯電梯，也有身障座位，覺得很棒！
5,台北市近郊唯國家公園
5," 友好的員工，良好的，歷史悠久的景點       ,  ,   "
5,適合參訪瞭解服裝設計及製作流程
5,看得到台北101，視野很寬廣，晚上很涼爽
5,自從搬到紅樹林後，家中也開始供佛，而在裝置相關供佛物品，曾到龍山寺旁的佛具店購置，也到睽違12年未參拜的龍山寺進行參拜，但發現真的每次參拜都有著不太舒服的港覺，而因緣際會下得知原來聖嚴師父的農禪寺就在我居住的附近，就近可以禮佛！  到農禪寺，閘道的師兄很親切的指引我這第次到來的小菜雞停機車，才發現寺內真的有很大的腹地  覽整個農禪寺，後方是大片的農地，大殿前為水月池，旁有法鼓書店及開山農地，後有知客處，我也很幸運在觀望時，聽到位師姐導覽，便跟著聽，才知道原來整面的金剛經是用玻璃纖維併水泥雕刻成個字20公分的牆面，隨光影的交替會呈現很不樣的氛圍；大殿內（因禁拍照，故未攝影）有尊白玉（有點忘記石材名）的佛陀尊像，上方牆面有176盞平安燈，佛陀右側上方牆面有木刻個60公分大小字的心經，非常的莊嚴靜穆，門口師姐也很熱心教我如何問訊禮佛，心靈完全充斥著寧靜與祥和，非常的舒服！  另，我也在知客處結緣到本金剛經本大悲咒與心經文師姐很熱心得知我搬新家而送我幅聖嚴師父題字的大菩提心春聯，非常喜慶！  對了，我也在法鼓書店買到喜歡的念珠：菩提子扁珠（7 ）＋東菱玉，纏繞於手上，非常舒心！  最後，我也有到開山農地內參拜三聖佛與文殊菩薩，也瞭解聖嚴師父生經歷，更得如何禮佛的聖嚴師父親講錄音檔  以上，切的切都非常莊嚴舒心洗滌心靈，以後的我定不定時到寺內禮佛靜心！  非常推薦欲禮佛的十方諸佛菩薩前來，大推
5,場地寬闊，動線流暢，裝潢簡易不失質感，輕鬆襯托出展品的美好之處    觀展辦展的好去處
5,梅園重新開幕了 大家可以去看看阿嬤的畫作
5,手機品牌 電腦週邊 文創品牌  遊戲區 有線無線耳機耳麥 音響 3家電 電玩遊戲 公仔 扭蛋 快閃店活動 咖啡機 咖啡廳 美食區
5,曾經的監獄，現在只有道牆，變成個公園  牆上有解說，曾有美軍在此被行刑
5,"地方小巧, 可以體驗下人工作紙, 可以給小朋友個特殊體驗"
