" 可愛的貓咪，美味的食物和飲料       ,    "
 三隻貓，很可愛(*´ ˋ*)ﾉ      有三隻貓 非常可愛(*´ ˋ*)ﾉ
音樂很舒服，  重點是有不怕人的貓咪喔
可惜沒有機會吃到餐點，因爲進去不到五分鐘就告訴我們若是客人多就會有限時，但因朋友還在路上所以想說先照菜單點餐，不要浪費時間，結果被告知有智慧財產權不能照相，整個被搞的很緊張，請問到底要人怎麼做？那開始就應該建議我們等人全到齊再進去用餐    ＝＝＝＝＝＝＝＝＝＝＝＝＝＝＝＝＝＝＝＝＝＝＝＝＝＝＝＝＝＝＝＝    您說的沒錯，但是很抱歉我們從進店裏到出去完全沒有受到尊重的感覺，兩小時的規定每個字都看清楚，所以才想要快點點餐，不要浪費您店家寶貴的時間，另外並沒有每頁都仔細的拍下菜單，可能是我沒遇過有店家對於自己的菜單被拍如此介意吧！對於將近20分鐘的問題，或許是我閱讀慢所以光看您店裡規定的那張紙就花了大約10分鐘，最後我這路人還是祝您生意興隆，每位客人都能遵守規矩
很慵懶的家貓咖啡，飲料音樂店員跟貓咪都讓人感覺舒服
"有貓店長的咖啡館  地點在京站附近的小巷  主食類咖哩飯有點雷  咖啡倒是很不錯,招牌起司塔也很推  用餐時間只要不客滿就不限時"
貓咪消極上班，但勝在可愛  餐點好吃但是偏小份，另外飲料若不特別告知甜度會略微偏甜
貓咪好可愛，推薦牛肉起司熱壓吐司，好吃
溫暖舒服的小店，貓咪可愛，老闆親切~
 如果您喜歡吃喝玩樂，也可以和小貓起玩，那麼這裡就是您的理想選擇                      
這家店招牌做得很漂亮，價格很實在的韓式烤肉吃到飽餐廳微風卡9折但是員工的訓練極差，介紹餐點講的漏漏長，很怕員工的口水從口罩噴出來，餐點的豬肉還好，牛肉片都是冰凍放在黑色盤子上的，不是現切的不知冰了多久？  海鮮蛤蠣不鮮，同時也喝了大醬蛤蠣海鮮湯結果代謝超好的你懂的  飲料區除了水咖啡外其它都是甜滋滋的所以我只喝水水水還有熟食區可用，烤肉盤烤次就黑了啊！致癌致癌致癌啊！所有餐點都重口味整體吃完覺得血壓要爆表了啊！  講了這麼多也看了網友評論這麼多要改進加油啊！在台北車站黃金店面租了左右兩家店，店家居然還漠視評論，還未積極調整改進，老闆真是有錢到不可思議  我覺得員工除了那個最認真的年長男性，好親切好熱情可以留下來繼續做還要加薪給他，其它的可以換批了
吃肉吃到飽，物超所值  大多數都是五花肉，怕胖或不喜歡吃肥的要注意
餐點不衛生 石鍋拌飯吃完拉肚子
我還以為今天是第天開幕啊  工作人員手忙腳亂的，桌邊服務鈴你確定不是放好玩的？我都至少按了5次才有人過來幫忙點單，這就算了，桌邊點餐介紹，工作人員說為了保持食材的新鮮，所以牛肉類的部分次只能上份，然後就變成我的圖片那樣，第盤這樣我能忍，問題是到最後盤都是凍著的，真的鮮啊，難怪用餐時間有100分鐘耶，原來是給肉解凍用的啊（笑  最棒的是你知道是什麼嗎？  這位子居然會滴水啊！！！跟服務員反應，然後他就說：蛤會滴水！？有沒有滴到你呢？，我說有，然後他就沒其他反應了，大哥你旁邊桌子這麼多位置，我們不能換桌嗎？你們第天開幕嗎？  這真的是太誇張了啊  這價錢配的這服務給1星我都嫌多！！！
值高  小菜地瓜球炸雞都很好吃  非餐期時間上餐速度快  肉品口味也很  自己吃朋友聚餐都很適合～
第次吃，滿意的次用餐，因為算中低價位，品項並不多，但吃得很滿足豬肉上來都是整條的，或大片整切的！邊烤邊剪，很有韓劇的味道；牛肉片厚薄適中，大火兩面翻烤下就可以吃了～（火力很大，不會把時間都花在烤製食材上，這點很推）店員收拾桌面換烤網的頻率也很剛好小菜熟食都蠻好吃的（但泡菜吃起來不辣，且偏鹹）；飲料有汽水兩款冰沙，也有茶飲/咖啡機  學生證還有折扣，會再回頭的店
很好吃，可以悠閒的享受下
品項少就算了，肉質非常的普通，自助吧選項也少，沒有樣是會想再去夾的，使我繼續夾繼續點的原因只有個人要五百多塊
值高，肉不錯，小菜普遍優秀
"1 服務好 主動換烤網, 上餐快速  2 豬肉辣味那份 略帶腥臭  3 豬肉蒜味 還有豬排 不錯  4 牛五花  普通  5 自助小菜區 超棒  6 湯   7 輪就了，份量其實很夠  8 飲料 芬達濃度正確 氣很夠 好喝  9 結帳才發現 今天免收服務費成，其實服務員真的蠻認真的  10 會再來"
優閒舒適的環境，還有好好喝的卡布奇諾，是台北市中心難得的好角落  現在還有很多隱藏性優惠活動，很划算，服務人員也很親切！
餐點很好吃，但是服務太差了，整晚都愛理不理的，水喝完也不加，吃完老半天才來收拾，收拾完等很久甜點飲料也不主動上，跟服務人員說了，才上飲料，又把甜點忘記，飲料喝完問了才上甜點，總之，服務超級差勁！
雙人套餐 凱撒蝦沙拉 主餐豬腳 奶油蘑菇義大利麵好吃 抹茶蛋糕跟飲料
環境優雅，安靜，適合與客戶喝咖啡，洽談生意
 很棒的冷酒吧去！非常放鬆在這裡開會           !     
五星級的酒吧 服務和消費都很不般
地点方便，咖啡还是贵些，但人多嘈杂      地點方便，咖啡還是貴些，但人多嘈雜
短髮的女服務生態度非常差，不推薦
" 我在那裡的時候太熱了，我確實去了火車：    ,（由院之森）           ,     :     ,(由院之森）"
 很不錯的酒吧輕鬆的環境很棒的小吃  他們為早晨等待交通的遊客提供免費的咖啡和茶很好的客戶服務                  &            
舒服的空間，美味的料理，推
價格划算！肉類料理的處理都非常用心，調味也很精緻非常推薦三五好友同前往用餐，不枉費特地跑趟內湖！
兩個月內光臨了四次！！實在念念不忘這裡所有的切，從裝潢擺飾壁畫各個小角落都令人心情愉悅之外，最最重要的是這裡的食材非常的新鮮！魚肉非常鮮嫩梅花豬是我吃過類似的店中料理最入味的！另外要特別強調這裡不只主餐好吃，麵包吐司更是絕，每日都會有不同的口味出爐，口味都很在地化很特別，有次吃到紅麴吐司非常懷念哦！飲料推薦新鮮果汁（蘋果鳳梨），現打的清爽又甜甜的，非常解膩，這家店也很推廣台灣在地咖啡和茶，還有小農豆漿～店員也都很親切，這裡的用餐時光！
朋友的極力推薦，基於好奇心，於是起身造訪週四下午的兩點半，店內只有桌45人的阿伯在討論事情，其它就我們桌，點了份爐烤薄皮雞腿玉米意大利麵，還有份豐聖號，湯是紅蘿蔔湯，店家強調自家食材的履歷湯還不錯喝，意大利麵我感覺不出有啥優質之處，豐盛號的麵包都是店家自製，雖不錯，但也吃不出所以然，肉丸子上再蓋層蛋，搭著麵包吃也是還不錯不過，網評47顆星，我看不出眾人是怎麼評的，不解？我只能給它4顆星83分評價
肚子好餓經過家店 家讓味蕾驚艷的店  這牛排真的愛上 很有水準    要點️肋眼牛排  外皮有煎出香氣 咬下去是有肉汁的  壓在牛排下的馬鈴薯泥！很意外吧！  不要小看它！會默默把它吃光！！味道很香很滑  旁邊的醬汁吃不出來是什麼醬  可是為什麼！！為什麼每口都想沾下！！    鳳梨馬告蝦蝦麵  這家的義大利麵真夠怪的  竟然都是這種尬來尬去蹦出新滋味  這道應該就是義大利麵屆的小清新  口味清爽 不會有負擔的感覺  推薦可以試試這道 別家餐廳吃不到的口味    不經意發現的店  真的很好吃 份量也夠  開放式廚房太香了 讓我不小心點了第二份主餐  而且 吃️光️光️  （真的掃盤沒開玩笑，別小看個女生的胃 ）    後來跟老闆聊天才知道  他們使用在地食材 不用加工調料  有種媽媽做料理給自己小孩樣  吃得很健康 也很美味 讚讚讚
舒適的環境，不過度烹調的手法可以感受到食材本身的新鮮美味!土司非常好吃，雞蛋品質也很棒!台灣咖啡與茶香氣迷人~值得品嚐的家可愛小餐館:)
真的沒想到在金龍路上有這樣的店，原本只是路過嚐鮮，就在店員告訴我牛排建議五分熟時開始覺得不對勁，因為對肉質沒自信是不會推五分熟給客人的果然上菜後從湯品，沙拉，到主菜都令人驚艷！南瓜湯喝起來真材實料，香滑順口，沙拉大盤吃的到各種新鮮部位，而且不誇張，連裡面的番茄都甜到讓我讚嘆！最後主餐肋眼牛排像是乾式熟成的做法，吃起有點嚼勁但還算嫩，入口之後牛排香氣隨著肉汁擴散出來，非常好吃以後定會常光顧
講究食材食物的原味，推廣台灣在地農產品，餐點好吃，會讓人直想再來把菜單吃遍的優質餐廳
餐點食材新鮮美味  平價不失精緻好去處
餐點講究 ，已光顧兩次了 ，還是能感受到老闆對料理的堅持 ，下次還會去
好吃不貴，小酥餅也很好吃
吃了十年的小酥餅常常次買數十袋，但製作方式改變後已經跟垃圾樣難吃慘到不行
我心目中大台北最棒的胡椒餅：龍門老張公館  但公館如今變成電烤了哀傷  電烤第名？
曾經的愛店~  調味還在但改用烤箱烤 吃起來只剩滿滿的落寞
胡椒餅和小酥餅都很好吃
 可口的      
蔥很香～吃得到肥肉也有瘦肉
"今天聞名去買時,店員對我的態度惡劣還以言語攻擊 ,這種作生意的態度真是過分"
好吃，味道不輸給饒河的胡椒餅！
"小酥餅好吃, 個12元, 但很常賣完"
 美食       
交通便利，位於台北車站對面新光大樓12樓餐廳內部寬敞，不擁擠座位舒適比其他分店好，服務人員親切  餐點食材都很新鮮，尤其是檸檬魚非常可口，是個很好的用餐地方
服務親切，上菜速度快，泰式料理還蠻道地的
因同桌友人群習慣用碗吃飯，故上幾道菜之後跟位長馬尾瘦瘦女生要碗，  她：我們都建議盤子用餐，  我：我知道，但我想要用碗  她：我們的碗是喝湯用，蠻小的，  我：沒關係，我們需要碗  然後她（應該叫)翻了白眼被我們發現，太令人不舒服了！  但餐點是美味的，綠咖喱雞炒牛肉都很下飯～
上週六晚上全家到瓦城慶祝母親節，食物如往常好吃，用餐過程小朋友不慎嘔吐或不慎打翻飲品，全家手忙腳亂之餘，服務人員相當積極且主動熱心提供協助，用餐尾聲還替全家人拍了張拍立得合照做為紀念，用餐感覺相當良好，非常推薦！！
瓦城泰式料理，用餐環境舒適，服務人員親切專業都有戴口罩，上菜速度很快，推打拋牛肉肉香辣，泰式炒河粉，加花生粒辣椒爽口美味，海鮮冬粉煲檸檬魚，檸檬帶出魚的清甜，￼搭配台東紅藜飯，最後甜點摩摩喳喳，很適合家庭朋友聚會的餐廳
蝦餅挺好吃得，家人也很喜歡泰式口味，下次還會再來
瓦城的品質不該是這樣吧  泰國米米心沒有熟蝦餅乾癟各樣菜色都明顯少味，跟其他門市吃到的味道差很多  加上店員服務態度都不太友善，從服務生到主管都面無表情  希望可以多加強員工訓練  並注意餐點的品質，恢復瓦城應有的水準
品質不錯，推薦綠咖哩及蝦餅
"綠咖哩椰汁雞, 椒麻雞很好吃, 服務態度不錯, 但是菜的份量越來越少 綠咖哩可能個平常吃飯碗都不到, 偶爾來吃吃還可以!"
讚讚喝！  老闆們人都很有趣 水煙我覺得味道很好 又蠻濃的～
 好的      
超棒的環境 老闆跟服務人員 超親切水煙跟調酒也棒棒的 很喜歡這個環境 下次絕對會再帶朋友去享受真的超推朋友聚會小酌的好去處
首次造訪，雖然地方不大，但整體環境營造的非常舒適，調酒水煙都在水準之上，絕對是下次會再度造訪的好店～
第次的水煙體驗在龍宮 過程解說詳盡 老闆服務熱情 煙嘴拋棄式人個 疫情也不怕交叉感染 水煙口味選擇眾多 調酒更是絕 適合下班後放鬆小酌的溫馨環境雖然隱身在繁華都市的巷弄中 不過招牌顯眼好找 不論是第攤或是續攤 任何場合都可以包君滿意
龍宮溫馨 老闆親切 酒很讚 水煙更讚 需要快樂 來這就對了！
老闆超級親切 水煙跟酒都很讚 店內氛圍也很舒適  還好有龍宮讓我度過個愉快的夜晚  又有動力繼續加班
水煙味道很棒，服務人員很熱情
從網路上看到評價五顆星的水煙酒吧～    所以我決定找3-5好友起來嘗試下    龍宮水煙館 ～我來嘍！    中山區～  這個繁華熱鬧的夜生活地！    進門 店內裝潢走的是我喜歡的極簡工業風    坐下來老闆熱心的招呼著我們    看著菜單上的我們卻不知從何點起    我們只好詢問老闆水煙口味    老闆很熱心的介紹著我們詢問的口味    後來經由老闆推薦    我們選定了我在墾丁天氣晴    第次抽水煙的我    完全愛上這個口味    芒果+上百香果帶涼感    的口味真的是深得我喜愛啊！  芒果的香氣加上百香果的香氣加上薄荷的涼感    整個絕配啊！    不得不說～老闆推薦的真的太棒了！    來水煙酒吧怎麼可以少了調酒呢！    所以我們再度詢問老闆～    老闆依舊熱心的介紹給我們    後來點了老闆推薦的調酒跟    調酒的部分我們點了    吃不到葡萄跟蜜桃成熟時-    蜜桃成熟時～是水蜜桃氣泡調酒甜甜的帶點酒感！    吃不到葡萄-葡萄氣泡調酒（妹酒）    老闆還很貼心的跟我們說  酒感不夠還能再反應增加喔！    完全走客製化的窩心啊！    的部分更不用說點了幾款外面喝不到的口味    這部分就不透露嘍    讓各位親自去體驗看看    雖然店裡空間不大    但是卻可以拉近人與人之間的互動    也很方便跟其他客人做交流喔！  這邊的老闆跟客人都超耐斯的！  我整個愛上這邊了    雖然店裡空間不大～    但是在座位上完全不怕擁擠跟煙的嗆鼻味喔    這邊真的是跟朋友聊天喝酒放鬆的最佳地方    我當然還會再帶朋友再回來這邊！
老板人很好，會很耐心介紹水煙的搭配和口味～  店裡雖然不大但很溫馨乾淨！  老板特調系列也非常好喝，  還會再訪給5顆星的店
高值，東西新鮮，連菜盤的火鍋料都不隨便唯的缺點是每次都覺得店裡人手似乎不足
菜盤豐富，壽星又有打卡優惠～ 可以趁慶生的時候來吃
個人涮涮鍋好選擇可試試，假日耍先預约
種類 食材多 壽星也有提供特別禮 環境也好 適合家聚
寵物友善餐廳直接列入口袋名單！
環境乾淨服務周到食材新鮮，值得推薦的火鍋店
湯底多樣，值高，還有敬老優惠，爸媽來吃很開心～
整體來說還不錯有四顆星  但是飯太硬了所以扣星
這裡鍋的湯底超多！  肉的值超級高 然後烏梅汁非常的好喝（對於原本很害怕喝烏梅的我 完全可以解膩可以接受）重點是常常有各種卷跟活動 照片裡海鮮跟兩盤肉都是送的 總之 大推呀
好吃 食材新鮮 便宜環境不錯 歡迎可以來吃吃看
打電話可以先預訂！店員不錯，只差不能用行動支付
很少吃甜食，因爲信任，所以只買亞尼克，好吃嗎？自己想囉！最近發現雙層巴斯克生起司抹茶紅豆，這味老婆喜歡，再買再買，習慣來很方便的地點
來嚐鮮新口味法式栗子生乳捲  口感非常濃郁，比起原味當然是偏甜些  不過整體而言不會太膩  栗子泥口感跟芋泥口感接近  搭配亞尼克招牌奶霜很適合  如果喜歡味道清爽點的人還是建議買原味    法式栗子生乳捲單條420元  第次吃到栗子生乳捲還蠻驚艷的  推薦大家嚐鮮看看
昨天打算去買個蛋糕，態度差到極點！！請那麼多年紀大的阿姨店員就算了還顧著聊天問蛋糕有什麼口味還愛理不理，不會再去了！！失望到極點！！亞尼克的名聲都臭了！！
比起內湖的本店，甜點種類較少，像是泡芙就很容易買不到
建議員工服務細緻度要再加強，畢竟蛋糕價位不低，點個檸檬派，店員直接用手抓取，看到檸檬派邊緣碎掉
雖然漲價了，但蛋糕的水準高！還是值得！
訂購人員親切  蛋糕品質好
店員態度親切，從電話預訂到取貨都很客氣，預定餐盒包裝整齊，還想加產品時，不會直接推高價產品，而是以包裝容量優先考量，良心又專業
買了很多次亞尼克，唯獨寶慶店的幾位老小姐服務態度不佳，口氣也不太好，問個問題，愛理不理的  請貴公司督導下！
環境整潔，店員非常親切，會推薦適合的飲料給顧客！店員推薦的金萱非常好喝是會持續光臨的間飲料店！
站在櫃檯等了下 女店員完全不理人句話也不說
格雷冰茶很好喝，店員服務超優質，還有帥哥美女服務喔！
 黑白木薯奶茶（黑白覆盆子茶）是最好的！紅糖的粘稠味道的質地非常令人滿意（* ^ω^ *）！店員也很親切*（ ^ ^ ）      黒白（黒白珍珠奶茶）最高！黒糖味食感大満足(*^ω^*)好吃 ！店員優*(^^)
每次去上課都會買杯️  重點是上次鑰匙忘記老闆娘還特地幫我保管好太愛這家
不懂為什麼接電話點餐點到半，叫我等下然後點現場客，哈哈哈  晾著電話點完現場客人再繼續接回我的電話點餐？？為什麼不次點完我的餐點再點現場客的 不解
"女店員臉很臭,建議戴個口罩"
老闆娘態度非常親切~讓人想再買~~~非常推
今天結帳的小姊姊好可愛～～
以前不太喝手搖飲料，但自從喝了康青龍的茶以後，真的很驚艷因為自己平常也喜歡喝茶，像是烏龍和鐵觀音等，在這里都能喝到，感覺挺純正的尤其是金萱茶更是有種甘甜的口感和韻味，很好喝只可惜小康不是到處都有，長春店算是比較大的家，還設置有候茶室，店員也有禮貌，應該會再來
慢也就算了，連訂餐都會出錯
住院期間去買  摩斯吉士漢堡裡面少放厚蕃茄，整個味道都不對了  也漏放雞塊醬  感覺這間分店品質有待加強
在新光醫院樓下的摩斯漢堡，餐點都中規中矩，雖然有點餐電腦，但結帳還是得排隊結帳，可能是人員不足，等候時間有點久比較推薦先用點餐後再到店取餐
某櫃台龐然女性早就擺臭臉，明明線上預訂好餐點，直跳針說沒有，還要另櫃負責結帳的嬌小的小姐提醒
服務人員態度親切，在忙碌之中還會顧慮顧客等待的感受很貼心^ ^
單點薯條 跟我說現炸  但回病房時是冷的 還有冰箱拿出來的冰  這是現炸嗎？  整包冷冷的 就像放很久樣  顏色看也不對勁都是白的是現炸嗎？  真的很疑問
我懷疑全台每位摩斯員工都有接受上餐速度不能太快的教育訓練
前面沒幾個客人  但是出餐等好久
不知道是現在變不好吃還是怎麼樣  點燒肉珍珠堡  超級油膩 味道不對  不好吃  我第次沒有吃完
店員親切客氣，洗手區座位區環境稍亂可接受    素食餐點：
民生社區附近最好的平價火鍋店
今天去吃真的很好吃，服務員俞俞的服務態度也很好，很值得吃再吃
三民店服務態度極差，預約電話都不接，到現場安排座位不耐煩，重點是也不忙，菜盤的量也很少，跟台中的差很多，不會想再來了
每次個人來吃都不會趕人  而且價位合理又好吃
服務很好，餐點優質，冰淇淋多樣，唯美中不足的是店內有個不太好聞的氣味，此點改善就很讚了！
味道還行，但如果沒有優惠券的話略顯貴
份量多，飲料免費暢飲，冰淇淋吃到飽
"再訪時已改為蔬食吧  如果其他家有位子不建議來這家,  自助吧的東西比別家少,冰淇淋只有明治個牌子,  而且沒有霜淇淋  因為不喝湯,所以就點般的原味湯底,  以為會是菜單上最便宜的15元招牌石頭,  沒想到我點到的竟然是隱藏版免費的昆布鍋,  菜單上居然沒有列出來,  原來我之前都被強迫消費了  其他家火鍋店都會把免費和付費湯底""同時""列出來,  感覺店家是故意誤導顧客,  讓大家以為只有付費湯底,  覺得滿奸詐的  本來只想給兩顆星,  但是看在今天使用壽星點數換了盤肉,  所以加了顆  *******************************  初訪,  現場候位有連結可以隨時查看前面還有幾組在等,  這點還滿方便的  點數換的肉片都是不錯的肉,  份量和質量都沒有偷工減料,  不像之前去的某家店,  送的肉片有四分之三是肥肉根本無法入口  美中不足的是飲料太弱了,  大概就是去吃平價鐵板燒兩百元附的那種  還有每樣湯底都要收費,  不像般涮涮鍋會有原味的免費湯底"
中價位的刷刷鍋食物新鮮分量夠
三民店變成菜盤自助，也新增了熱飲和冰沙機，不過菜盤區沒有特別低溫，感覺花枝漿容易不新鮮  變相就吃不到兩隻蝦和蛤蠣，另外明治冰淇淋變成只有台，原本愛吃的巧克力薄荷巧克力都沒有
鮪魚厚蛋吐司超級好吃，而且用訂有買送，超划算～
吐司很軟很鬆很好吃 牛肉很香  厚蛋鮪魚吐司 有塗九分滿給過胡椒味滿重的
用外送平台訂餐送給生日的朋友  店家貼心的贈送薯條還幫我畫生日快樂，超棒的，能開心的吃早餐很謝謝你們喔
不知道幾次了 每次都強調吐司要烤  等這麼久 送出來還是沒烤  烤個吐司有這麼難嗎
果漬豬排料多實在，吐司也很鬆軟美味，雖然沒有座位不過可用點餐取餐很方便
#卡拉雞腿蘋果+高蛋白餐  難吃  加上價錢：非常難吃  吐司是女生手的大小這個價錢在其他家至少可以得到正常大小的吐司  調味也不好吃很不搭  高蛋白餐是球高麗菜2個蛋2份雞柳  調味不好吃且我的肉跟蛋泡在高麗菜的汁裡
點的是：培根蛋餅+餐（紅茶＋脆薯)  這個套餐我點了很多次，以下為個人用餐感想  剛開的時候吃覺得還不錯，但自從漲到75塊之後品質下降非常多讓人生氣，以下為原因：  (有次早上7點多去現場購買還看到兩三隻蟑螂從騎樓進進出出，店員也沒在管)    培根蛋餅  每次打開後發現自己買的根本是包油回家(有時候是幫家人買)，問題不是出在培根而是出在蛋餅皮和蛋，輕輕拿筷子壓下堆油從食物裡流出來最後整個防油袋上都被油透到外層，兩個點還好，但是這個是是整片，我自己認為店家自己都不會覺得好吃吧，做出這種食物還敢拿出來買應該要好好改進太油的問題  [建議改善]  1食物不能太油  2油的味道不是很好    薯條  每次吃的時候品質差異很大，少數時候很好吃，但是大部分都還是和蛋餅樣的問題  ＞＞＞＞＞超級油（爆油薯條（沒有浮誇））  有時候量超級少只有幾根，有時候又恢復賣70元時穩定的量  [建議改善]  1薯條不要太油(至少不要咬下去噴油)  2每包量要穩定（至少不能用肉眼看就差很多吧，我也不是用秤子量差幾克就不爽的那種人，但真的差太多了）    紅茶  紅茶也是越來越澀，全部靠糖漿撐，品質有很大的問題去冰之後樣加半杯冰  [建議改善]  1紅茶茶葉品質要換好點或改變泡法    總結:  做為個長期的消費者，我覺得這些都是這家店最大的問題，如果不正視這些問題並改善別說要走到連鎖這步，倒店（或缺乏良性現金流）都只是未來12個月～18個月內你們會遇到的問題，你們的售價也不是特別便宜不應該只注重提高毛利而忽略品質（我並不是覺得你們不該賣這個價，而是要給出相對應的品質）  從你們45顆星吃到只剩38顆星我覺得你們應該要正視很多的問題並改善  2021／8／14
很難吃  餅皮很硬又乾  蛋的份量也減少  醬油膏死鹹
蛋餅太油，口感濕軟，希望可以改進
點起司蛋餅給我鮪魚蛋餅  另外他們吐司的部分是沒有任何蔬菜的
服務態度不是很好，咖啡都溢出來了杯子外了也沒有幫忙擦，問衛生紙在哪裡也只是冷冷說句在那邊！
 店員很客氣有報紙，很適合休息下      店員親切新聞置休憩
哥哥姊姊人很好，餐點用心
" 輕鬆成為台北最好的咖啡！百吉餅總是烤得很好，他們每天都做新鮮的雞蛋沙拉           !     ,      "
 很棒的咖啡館       
食材新鮮 價格合理 可惜用餐空間不是很多~
燻雞貝果不錯吃，貝果烤的很香，老板也很親切      燻雞貝果不錯吃，貝果烤的很香，老闆也很親切
室內位子少，建議外帶喔，別擔心外帶麵包會不會變軟，其實不會喔～～～    喜歡酥酥脆脆的朋友們，小女子我非常推薦這家早餐店喔    推薦種類（當然我有吃過）  潛艇堡（燻雞牛肉）貝果（蔬菜燻雞果醬）厚片（草莓蛋沙拉鮪魚盒子）  ️老闆很大方料都給好給滿
"餐點咖啡還不錯且好吃,座位少外帶三明治數量少"
 很好的咖啡        
他們的酸菜白肉鍋超級厲害
難得的好味道，湯頭棒，酸酸甜甜清爽沒負擔  食材講究，服務到位，推
整體吃下來真的是舒服的頓飯  環境漂亮乾淨舒適  服務人員笑容滿面專業應答快速  湯底甘甜食材豐富新鮮  雖然現在只有豬肉海鮮選擇，但聽說之後也即將引進和牛選擇  讓人很期待！！絕對安排再訪！！
非常開胃，然後食品非常新鮮，朝天椒超辣！
湯頭特別，偏酸（可能有人會覺得很酸），後勁帶甜以及柴魚味    價位反應服務，  可能不是很值得    1店員對於自家產品介紹不詳細不熟悉，介紹湯頭可能突然忘了所以轉而介紹醬料    2介紹菜單的流暢度有待加強    3份量偏少，所以綜合上述的內容，這邊的價格偏高    4整體裝潢以及氛圍試圖營造高級用餐環境，但是人員的教育訓練讓體驗打了折扣    **以下幾點對於現場服務人員的看法見仁見智**    5結帳櫃檯人員拿著包食用中的洋芋片傳遞給同事    6內場人員走到門口抽煙後再經過吧台座位走回內場    7倒茶需要提醒    8已經全部煮完沒有食材了卻來詢問是否要加湯    9最後結帳時廚房內場傳來高分貝音量的笑鬧聲，連結帳人員都看向廚房    10外場容易完全沒有店員，全場只有顧客在，連要結帳了都沒人    11有外場人員從內場出來發現之後，才走過來說：不好意思要等下喔，接著再請同事（可能資深員工）前來結帳    12當日兩位女店員還是有用心服務，值得肯定    綜合以上，真的還是因為這個價位    這個價格會期望得到更完整的用餐環境，台北市火鍋店家競爭激烈，若是這樣體驗，應該不會列入第二次光顧的考量，僅此分享
很有特色，伊比利豬很好吃，缺點是吃完外套非常臭，可能要拿布給客人蓋住比較好
現場超多客人，卻全程只有個服務生辛苦忙碌，很佩服她，值得加許
"服務周到親切, 火鍋食材新鮮, 沒有加工火鍋料, 有吧檯和包廂可選擇, 用餐環境非常舒適！"
" 很棒的氣氛，美味的湯，優質的肉類，新鮮的海鮮，友好而樂於助人的員工，物有所值       ,  ,   ,  ,   ,   "
第次來吃 整體都很棒 食材很新鮮很讚
如果你想吃道地，好吃，又乾淨幽雅的台式料理，那就找這家吧
"環境不錯服務也用心,菜色口味不錯但是稍嫌粗糙點,比如醉雞切的太大塊，豬腳不夠爛,筍湯的桂竹筍太大太老,不過米飯煮的還不差,不像有的太軟爛或太硬,價格也沒有很誇張!"
味道不錯值得推薦服務很好
" 很好吃，當地的食物，但是很貴，很乾淨       ,  , ü  ,  "
喫飯食堂每道菜約兩百左右，三個人點了六道菜，大約1200有找，今日餐點如下：菜圃蛋煎豬肝油淋小卷蛤蜊絲瓜燙菠菜炸芋捲，招牌豬肝必點，芋卷也炸的非常酥脆好吃     應該是七道菜才對，有道我不愛吃忘記照也想不起來了~    華小辰 
道地美味的台菜，  懷舊復古的裝潢，  親切熱情的服務，  有種到親戚家做客的氛圍~~~
點了外送5道菜其中海瓜子連吃幾顆裡面全是沙怎麼吃啊蒜泥白肉點那麽多外送第次遇到把蒜泥醬汁直接加進外帶盒裡，（請問你們怎麼會知道客人要加多少醬汁呢為何不另外包啊？既然要做外帶，外送連個夾鏈袋也要省錢嗎？）取出餐盒後原以為是西魯肉的盒蓋沒蓋好湯汁灑滿袋內，結果是蒜泥白肉的醬油全部從破掉的盒子底部漏光光真的是
"手藝不錯,用料新鮮,前置處理很細心(像龍鬚菜這種連我們自家煮食都懶得去掉稍粗的纖細,他們卻剝得乾二淨口感細緻),講究原味烹調的好料理,原本是很樂意再度光臨的,但從進門就開始在看人臉色點菜歐巴桑直要我們多點,強調他們的菜分量都很~小湯只有小盅不照她推的高價位去點,她還會癟嘴!!)；接著看跑堂的眼色,直瞄我們桌上的飯菜看吃到哪了；快吃完了，急驚風似地收碗盤擺新餐具粗手粗腳地摔東西還催：我們訂位的客人來了,麻煩  細緻的菜色對比劣質的服務，反差高到另人傻眼  我們是不可能再光顧的了"
這家真的無敵推薦，首先老板真的很客氣上菜速度那個快啊！點菜基本按推薦菜點，絕對不踩雷[勝利]  冷筍拌色拉，從來沒有想到筍還能這樣吃超級嫩滑，拌色拉醬好爽口，適合夏天  蚵仔的香味讓我至今懷念，配上特調的醬汁酸甜辣回味無窮關鍵食材也新鮮[強]  真多每個菜都愛了！
"台灣美食的最佳形式不像鼎泰豐那麼花哨，也不像街頭小餐館那麼簡單這是個在口味和價格上都高於平均水平的，但它是值得的我點了牛肉炒飯牡蠣和豆子，還有些白菜我沒什麼好說的，所以5星                  ,                  ,  '       ,  ,         ,  5 "
人潮很多，有時難找到位子，但有沙發座很舒服
僅外帶區，地下室才有座位
明明就用送餐到桌，堆服務員跟管理幹部站在櫃台，就是不送餐，還要客人自己下去拿餐，你們要是嫌累，就把那個功能取消掉，不用那麼委屈
環境不錯舒適，出餐速度快24不能刷卡
歷史悠久的麥當勞  東區大地標  跟上時代腳步的麥當勞 有自助點餐系統 線上支付非常方便  節省很多時間  但這間客人還是很多
冰旋風沒給我  點雞腿變雞胸
去麥當勞，就去麥當勞  那裡有漢堡和薯條
"點了外送雞塊沒有糖醋醬，要如何將太乾的雞塊吃下去想了很久無法委屈自己 只好不吃，不想為了個醬讓工讀生這樣跑來跑去,希望下次多檢查下 ，畢竟會點雞塊的都是為了那個經典的醬"
相對於東區的高價餐飲，麥當勞值很高哈哈
吃素食薯條，聽說麥當勞他們的鍋和肉有分開
很道地的泰式料理，老闆夫妻是來台20餘年的泰國華僑，服務親切，上菜速度快，場地寬敞，人也可獨自享受美味餐點
經過幾次的嘗試，正式宣佈這是我家的泰餐廚房它就是吃便飯的地方，口味不錯，價錢合適，服務也可以尤其是檸檬魚每次都同樣口味，值得試試
這是家位於西門的泰式料理店，口味上是有改良版的，也不怎麼辣，食物的味道還不錯    今天兩人點了四道菜，其中最推薦泰式蔥油雞，雞肉很嫩也沒有腥味，配上泰式調味非常唰嘴    第二個推薦的是清蒸檸檬魚，味道很夠，魚也非常嫩，但能夠辣點會更完美    至於蝦醬空心菜就很般，稍嫌偏油最後是打拋豬，也是樣不夠辣而且沒有般常見的番茄，吃起來感覺少味，但還不到難吃    整體而言值還算不錯，食物對的起價位，是會再訪的店家～
好吃！東西大份且夠味  兩個人點三樣菜就吃得很飽了  會再回訪的間店
"高值,平價美味的泰式料理"
 烹飪方法特別      料理手法特別
菜色道地好吃 色香味俱全 上菜速度快  都可以做不辣口味 小孩都可以吃  我們全家都喜歡來吃 非常推薦
口味可能有改良吧  每道菜口味都有點稍嫌不足  椒麻雞肉少幾乎都是皮  綠咖哩奶味過重  只有月亮蝦餅中規中矩  但上菜速度很快！
飯普通  月亮蝦餅椒麻雞豆腐都很好吃  只是菜類湯跟很多道幾乎也都加了蝦醬汁  不吃海鮮的人選擇很少
平價的泰國菜 口味偏台灣 沒泰國辣 記得要求辣比較好吃
完全不是以前在台中吃到的洪瑞珍三明治，以前的吃口就知道是洪瑞珍三明治，是別人模仿不來的，最有特色的就是淡淡的煙燻火腿的香氣，今天買到的完全沒有，而且火腿邊是硬的，原本有點甜味的奶油塗太多了稍膩口，吐司有不新鮮的吐司麵包味，整個大失所望怎麼了到底？！
短髮的服務人員親和力十足，當時正在考慮要買家人吃的口味，那位短髮高個的服務人員詳細的替我介紹，滿足我的疑問，三明治的價錢不貴卻做到有溫度的服務，值得去這家店買，好吃，服務人員態度又好
 好的      
巧克力味道真的好吃可是草莓還有橘子都賣完了我最想要的味道
三明治好吃又新鮮服務又好
好吃的三明治！  外賣式直接帶走，沒有提供任何可以坐的座位
問個三明治價格不行嗎？好像嫌錢不夠買不起
好美味的三明治！店內還有許多手工自製餅干也都用料實在又不會太甜  買過健康燕麥餅，南瓜子餅  不黏牙的牛軋餅  親友都很喜愛
買了六盒給公司員工吃，好吃又方便（記得要先預訂
態度惡劣，千萬不要來這家！
 較差的      
怪味雞跟酸辣抄手麵不錯
整體來說還不錯但，如果麵條可以點，有咬勁點可以吸點湯汁，應該會更好，麵條的選擇有點可惜，最吸引人的是小菜，選擇多又好吃
價格稍微偏高 但味道不錯
天氣冷時，很適合來碗酸辣抄手湯麵，酸酸辣辣的很好吃，小菜種類多也好吃，上班日的午餐會需要小排隊
碗盤是瓷器，餐具是自助式的，沒有次性免洗餐具，店裡感覺滿乾淨的出餐速度快，抄手好吃，鮮菇雞湯料很多味道也不錯（但應該有加雞粉）
怪味雞是招牌！第次點的時候看到滿滿剁碎的香菜灑在雞肉上有點傻眼，因為平常不吃香菜，但剁碎後其實香菜味道不重，整體來說好吃！
座位舒適，口味感覺調整過，有比較清淡抄手經典，怪味雞特別
小菜多樣 且味道都很夠  我自己是偏重口味的  非常喜歡這家店的小菜
口味不錯但份量偏少  怪味雞紅油抄手都不錯
嘗試泰泰鮮奶  乾淨店面整潔  店員服務態度很好
店家人很好～～善良～  土石流綠豆沙超好喝的
紅茶拿鐵系列好喝，但珍珠太硬！  應該是我喝過所有飲料前三名硬的珍珠，完全不會想再點第二次  65元喝到這種珍奶真的很失望    評論星星那麼高的原因，大概是有評論五顆星免費加料的活動吧
 好的！      !
泰泰奶茶超好喝的！但定要點無糖喔！無糖就很甜了
"還不錯,下次有去我會買有加料的飲料喝"
泰泰鮮奶+珍珠，好吃又好喝
來光顧好多次了，直都點珍珠紅茶拿鐵微糖去冰，但今天的濃度跟以往不太樣，珍珠度樣好吃，但卻像沒加糖樣，紅茶拿鐵比上次淡很多！不知道是不是每個員工製作的品質不，如果品質可以維持致更好    善意提醒大家記得帶零錢，手上剛好只剩1000，店家竟說無法找零，也沒有行動支付，幸好同行友人有零錢，不然就沒辦法買了，還有帶環保杯記得也要帶吸管，不然吸管的部分要加價購哦～
晚上車停的店門口停車格去看電影，回來牽車的時候，店員忙著打烊，我們發現我們機車旁邊疊了堆裝滿垃圾的垃圾袋，有些垃圾袋已經弄在我們的機車上，詢問店家說垃圾袋弄到我們的車了，店家竟然是回說垃圾不是他們的，那你們為什麼要讓別人把垃圾丟你們的店門口呢？    對於你們的店員回覆我不能給五顆星給你們，  但念在你們的回覆上，我可以改成四顆星，希望你們以後做的更好
飲料非常有特色，推薦泰泰鮮奶跟老派紅茶拿鐵，  而且店長的服務很好唷
提拉米蘇巴斯克蛋糕 $ 600  口感滑順原味巴斯克，上頭鋪上了微苦的可可粉，微苦韻味與濃郁乳酪完美交融！提拉米蘇的部分使用西班牙黑騎士可可粉與咖啡粉，打開蛋糕盒就可以聞到濃郁的提拉米蘇香氣，實在是太喜歡了！    伯爵栗子磅蛋糕 $ 560    喜歡吃磅蛋糕的朋友絕對要來吃吃看這口味，磅蛋糕看似簡單樸素，卻每口都耐人尋味，第次吃伯爵栗子口味，身為巧克力控的我也不免被圈粉，這蛋糕伯爵茶味香濃口感鬆軟不油膩的磅蛋糕真的是太吸引人了！定要特別說說這特別的口味~口吃下，口感是扎實飽滿，非常有飽足感，第口是香濃栗子香味，裡面還可以看見完整的顆顆法國栗子切塊，這最棒的就是栗子沒有做過多的調味或醃漬，反而更能襯托出原味的美好！尾韻是淡淡的英國皇家伯爵茶香，不會過於甜膩療癒的伯爵茶香伴隨著甜而不膩的栗子，真的是太好吃啦~
#歐卡諾諾 嚴選食材，    法國&日本進口&台灣在地品質!    伯爵茶巴斯克蛋糕(6吋)    #3種口感 次滿足٩(˃̶͈̀  ˂̶͈́)۶    冷藏&冷凍可以吃到不同的風味~    總共有三種吃法~~    冷凍:冰淇淋口感，非常消暑!在嘴裡融化後變成柔軟的奶香，在嘴巴裡綻開~~    冷藏:極綿密口感，打開後就有股濃鬱的伯爵香味撲鼻而來!伯爵茶香味超濃郁了!    常溫:微半熟口感，常溫下蛋糕會變成微熔岩口感，蛋奶香在嘴裡融化的感覺真的超享受~~    每種吃法都各有特色!非常好吃~    推薦大家先冷凍~然後隨著時間退溫    慢慢享用這個療癒的時光~    蘭姆無花果磅蛋糕1條/盒    三大特色    儀式感滿滿:外包裝紙盒+特選用紙&麻繩用心的包裝，滿滿拆禮物的儀式感~~    用料豐富:幾乎每片切下去都可以看到滿滿的無花果乾~感受果粒在嘴巴裡甜甜的跳舞    鬆軟濕潤口感:是那種鬆軟的口感，搭配濕潤的蛋糕體，非常涮嘴!!!    之後應該還會在回購~~
第次吃到歐卡諾諾的東西，感覺得店家很用心，無論是食材還是包裝上都很用心，風味與口感我都蠻喜歡的，推薦!
2022的中秋禮盒裡面有磅蛋糕抹茶餅乾及蛋捲，滿滿盒吃起來口感紮實又不死甜，推薦給喜歡甜點又怕胖的朋友喔！
第次品嚐提拉米蘇巴斯克蛋糕，上層提拉米蘇濃郁順滑，撒上微苦可可粉清爽不膩口，搭配底層的綿滑焦香巴斯克蛋糕，整個就是爆級的好吃    伯爵栗子磅蛋糕口感濕潤扎實，不過甜更能品嚐食材原味，茶香韻足栗子軟綿香甜    對於胃不好又愛吃甜食的我來說，吃完不會胃食道逆流這點很重要！！  嚴選食材製作的蛋糕吃起來就完全沒有這個困擾，能大口放心的品嚐好吃的甜點蛋糕真讓人開心
新鮮製作的伯爵紅茶巴斯克乳酪蛋糕萊姆無花果磅蛋糕，非常可口美味～  巴斯克乳酪蛋糕的口感綿密細緻  磅蛋糕組織細緻口感扎實，超值特推薦！！！
以紐西蘭無鹽發酵奶油，日本金玫瑰麵粉，台灣紅仁雞蛋，無鋁泡打粉西班牙黑騎士可可粉，可可豆等下去製作的磅蛋糕，厚重而扎實，蛋糕上層濃郁的可可豆，內層咬下去濕潤而不乾，加上藍莓酸酸甜甜的味道，替磅蛋糕增添多層次風味，滿滿的藍莓以及巧克力豆在其中，配料超澎湃
這是我們吃過最好吃的磅蛋糕 ，沙布列餅乾和手工蛋捲也超好吃！重點是蛋糕都是少糖配方，口味不會太甜也不膩口，包裝也非常好看！送禮超有面子！而且現在定中秋限定禮盒，盒就可以宅配或超取，實在太佛，趕快訂起來~~
他們家的蛋糕價格我覺得很實在，真心推磅蛋糕系列  不輸給些知名店
紮實又綿密的甜點淡雅的香甜，搭配熱茶，來場優雅下午茶！！  喜愛伯爵茶巴斯克蛋糕的茶香濃，也愛蘭姆無花果磅蛋糕的酒香與果香兩種不同口感，雙倍享受！
麻將麵真的香，又不難吃  小朋友很難得覺得好吃，這條街般是不太吃的，令人驚艷！！
羹飯很好吃，不過幾天沒開不知道怎麼了
不建議內用請外帶，這算是我吃過非常好吃的素食
紅燒湯靑菜多，湯頭不膩，適合清單口味愛吃菜的人，搭配彈水餃加辣椒，晚上10點的胃已獲得救贖
店雖小，但很傳統的素食口味，而且有招牌上沒有的隱藏菜單，下次要再去試試！
 不錯的素食        
吃了好多年的素食，陪伴我加班的好吃素食，老闆和老闆娘人超好，超推
"中午用餐時段來吃    點了 麻醬意麵跟當歸湯    麵好吃 湯甘甜順口    喝完不會口渴,讚"
夜間營業時間長，夜貓便利
做生意真不老實之前去買湯裡有加菜，之後去買就沒加菜只有素料太不老實了吧
今天的氣氛非常在地化  女僕講台語還滿新鮮感
我的孽緣柳先生因為好幾次都忘記喊拍而每天跟我哭訴流淚，有天希望能到該店見證他神似爆角怪的笑容
獲得魔法(*ﾟｰﾟ*)ﾉ  快樂( /^ω^)/    （氣氛很好，接待也讚讚，渡過開心的時光）
對不起，我可能不太會講話 但認真覺得不錯  如果門口有需要個櫃檯 記得告訴我
 偉大的      
六星好评，这是溢出来的那颗      六星好評，這是溢出來的那顆
女僕們超可愛，鬆餅也很好吃，希望下次還有機會和可愛女僕們起開心聊天
難得生日想說體驗看看女僕咖啡廳是什麼樣的地方  雖然不是在生日當天到訪，但也得到了非常好的體驗以及生日繪盤蛋糕！    之後又陸續造訪了幾次，印象其實都非常的好，飲料也都很好喝，不是單純甜過頭的死甜，倒是十分剛好，炸物拼盤沒有炸過頭或是沒炸熟的狀況，每樣炸物都炸的恰到好處，聖代的口味也不會說每次點都是樣的    不知不覺也在個月內光顧了四次，雖然我不是專業的跑店仔，但我相信對於每個第次想體驗女僕咖啡廳的人來說，這裡是不錯的選擇    註：地獄特調定要試，相信我，你定會看到新世界
今天去說要等2小時才有位置  就先算了  但店員的聲音酥酥麻麻的  而且店內女僕超多   感覺未來經過若沒人會再進去體驗體驗
"第次歸宅（平日下午）  女僕介紹菜單時，  讓我對""地獄特調""滿有興趣的，  於是就點了地獄特調，  女僕們再跟我確認真的要點嗎，  很怕主人在廁所出不來    沒想到意外合我口味,  又滿好喝的，不怕跑廁所了    最讓我驚喜的是,  蛋糕作畫還搭配地獄特調,  可愛""女僕兔子""～畫的兔子,  兔子手拿刀手拿鎚子  可愛又不失可怕的氛圍,  ""女僕兔子""很有才又可愛,    整體環境乾淨明亮音樂適中,  還有～女僕很可愛!!"
舒適悠閒的空間，搭配好吃的點心跟咖啡，適合度過放鬆的天️
鄰近中山捷運站    外觀為1930年代日治時期的建築融合歐式風格，簡潔典雅    內部空間挑高，擺設風格低調舒服，復古悠閒環境安靜，非常適合來放空沉澱，或是和朋友喝茶聊天的好地方    由喜憨兒基金會經營管理，店員多為身心障礙者，非常認真親切有禮貌    做為古蹟活用，結合公益雖然食物表現實屬般，但還是值得推薦給大家
營養師便當200元含黑咖啡或國寶茶  空間很寬敞  由身障者服務  餐點清淡好吃，蠻符合我在家自己煮的味道  蔬菜種類很多，調味也都不同  有加迷迭香的彩椒  奶油香的青菜  跟我吃不出來什麼油香味的小黃瓜  雞腿中規中矩    拿鐵就沒特別好喝  但這邊的環境可以吹吹外面的自然風  靠在窗邊吃飯看書  非常舒服    隔壁就是身障者服務中心  有飲水機有廁所  甜點也比般咖啡廳便宜  可以來體驗看看
午餐美味清淡可口！  環境也很舒服
環境舒服，座位寬暢不會感到擁擠，有跟插座雖說是庇護工廠，但是服務比王品還周到飲品跟甜點都很推！！值得再訪！
環境好，有公益性質，食物品質也好
安靜的環境 百年古蹟氣氛
這個地方不僅很文青還照顧喜憨兒還有些身心障礙者
很喜歡跟朋友起帶孩子來這裡用餐，環境舒適，也沒有人多嘈雜，餐盒菜色營養均衡價格十分合理，唯的小小缺點是沒有兒童椅，不過服務人員親切貼心，旁邊就有大大的洗手間方便帶孩子換尿布洗手，整體而言還是很棒！
空間很有氣氛，便當100+水果20，錢是拿來做公益的，吃完覺得身心都舒服
老闆親切，餐點美味，價格上以台北的物價來看值算不錯，麻醬麵很好吃又香又濃，店裡的湯品湯頭很棒，問了老闆後才知道是大骨和蔬果熬煮的，很值得嚐，高麗菜水餃跟肉燥飯也好吃，水餃的菜跟肉比例搭配得剛剛好，吃起來不膩很爽口，沾老闆自己調的蒜蓉醬油膏很對味，肉燥飯的肥肉煮得很軟爛入口即化不油不膩，蠻推薦這家店的，物美價廉
拉麵不是叉燒肉，是3片短薄火鍋肉片與之前不同！
很棒的間店 歡迎大家來逛逛
價位平實，口味清爽不油膩，食材新鮮，魯汁香濃配上米苔目的彈， 好吃，高麗菜甜脆蘿蔔湯份量大碗，嘴邊肉好吃
便宜好吃，餐點選擇多元，會在光顧，缺點就是冷氣稍嫌不足
好吃，青菜份量多，麻醬調的也很好！
麻醬麵很夠味  豬血糕好吃  燙青菜很大盤
價格親民，老板很熱心，口味好，店內也很乾淨
值高～細麵乾麵調味不錯，餐點的份量都挺足的，店內乾淨老闆也親切
感覺有新換老闆，雖然沒有服務了，但價格樣便宜，餐點量也沒有減，而且餐點味道有調整，清爽很多服務很好，環境也很衛生，非常喜歡，變成我的口袋店家了
進去後店內客人不多  半以上都是空的  可能受疫情影響吧    坐下後點餐過蠻久才送上來  但當時沒其他客人點餐服務生都很不忙  都在吧檯旁邊聊天    會這麼說的原因是    餐點送上來後咬下去  是溫溫冷冷的點也不像剛炸好的    感覺放了陣子  炸皮跟肉都有點分開  肉吃起來很難吃    真的很令人傻眼  而且兩份餐點都是這樣    覺得不值得這個價位  跟收成服務費  值很低    舉手找服務生都要過陣才看到  因為都聚集在吧檯邊聊天    續湯也送錯品項  點海帶味增卻送蜆仔味增湯    人少都這樣情況    以後不會再去了
服務人員玟卉非常貼心服務，對於我的些疑問也都不厭其煩的回答，店內環境良好乾淨整潔舒適，吃得很滿足～
我以為炸豬排三明治的吐司會烤下，結果冷的沒烤，所以說等這麼久是？價錢有亂算的嫌疑，跟我們自己算的都不樣，再來服務生走路可以再慢點沒關係
公司很過分不願多聘請服務人員，以致在假日用餐客人量多時，服務人員明顯數目不足，因而過勞導致服務素質很差；屢次忘記客人的叮囑，公司誠應檢討
 我記得在東京吃飯      東京食思出
今天是聖誕節，2019/12/25 17：25個胖的女店員戴口罩，態度有夠差勁，名字有個芷，吃飯氣氛完全被她搞砸，不想上班可以滾回家，對客人基本尊重都沒有    另外提下，男生店員就服務的非常好，有問必答也非常有禮貌
第次來，點里肌豬排鍋膳，放久了覺得吸收醬油之後變很鹹，除此之外很不錯，350元，需要另加服務費10%，看起來比菜單上的大，可以免費加飯，適合朋友聚餐餐廳的桌子很大，服務親切
莊悅這個店員真的很棒，把我像寶寶樣照顧的無微不至，感動痛哭流涕！有夠幸運～～感謝有您
第次來杏子用餐，服務參考同業，但是六角可能要再努力點    配菜的蘿蔔有腐敗味湯讓人非常倒胃口，竟然在味噌湯裡加中藥？配菜不能再好點嗎？單價400-500的餐，配菜竟然只有蘿蔔海帶芽  杏子太混了吧  杏子餐點里肌鍋肉不新鮮，加上兒童餐咖哩太辣，炸雞塊兒童餐則是要特別說才有車車餐盒    店內服務人員還不錯，但是店內照明太過昏暗，空間使用很奇怪，靠門口前面吧台根本沒人要坐吧！最後面的屏風擋住雜物更好
杏子特餐很特別，可以次嘗試不同口味哦
只吃燒肉飯，肉沒味道，有點失望  配菜還，單純為吃飽還行
"東西酸掉,還讓客人吃到!會不會太誇張"
吃了好幾年，最近發現沒蒜泥  水餃10顆，煮破4顆    嗯決定以後去隔壁吃了
各式餐點都還不錯，酸辣湯很好喝！
招牌牛肉麵好吃  燉湯每樣都非常推薦唷  小菜有加熱服務  人員都很親切
吃了好多年的店，今天第次點酸辣湯，感覺嘴巴的食物都咬不斷，拿出來看到2-3段紅色橡皮筋，頓時對這間店好失望!也對店家的態度很失望!外食族大家自力自強
距離捷運後山埤站二號出口非常近，平日晚上約八點用餐，店內約還有半的客人，整體環境屬明亮，店內用餐溫度略高    主要為各式湯麵及乾麵類，另有幾款飯類湯類及水餃等可選擇    酥炸燒肉飯（90元），燒肉炸的偏硬，量給的大方，肉本身較無風味，其餘搭配了些酸菜小黃瓜蘿蔔乾燙青菜及豆干作為配菜    紅燒半筋半肉麵（200元），湯的油有些厚重，多喝幾口稍有些膩口，帶有牛骨香氣，牛肉及牛筋燉煮的軟嫩，滷的味道較無入味，麵條選擇細拉麵，口感還不錯    木耳（冰箱內自取的小菜35元），中規中矩，口感脆口    整體來說，食物美味程度及價格屬普通，份量大為優點
吃過清燉牛肉麵，麵不多但肉很多；雞腿麵蔬菜蠻多的，雞肉很軟感覺有醃過酒和中藥；麻辣麵夠味，也有放青菜小菜類35元，有些品項像是豆干滷蛋海帶滷蛋豆干絲這些品項是有點貴，像苦瓜鹹蛋雪裡紅可能又還好，店內乾淨
好吃 價格公道 還有古早味 環境舒適 非常推薦
上菜快，味道不錯，份量有點少
味道好古早味烤魚下巴火侯夠外酥內嫩
食材有些採自助的  鍋爐下面放木炭燃燒    裡面有帶皮羊肉羊肉塊  份量不少 沒有軟而是有嚼性才對  沒有什麼臊味湯頭偏甜    麵線盤兩個女生吃可以  男生可能吃不飽 蠻好吃的    後續打包店家加湯給的大方  加很多  整體來說還是蠻推薦的  吃飯對面就有立體停車場  停車也很方便
羊肉塊幾乎沒有臊味，可能是在上鍋前都會用火燒過的關係，肉塊很嫩，也有嚼勁，好吃湯頭是大眾化的湯頭，藥膳味，很適合加菌菇類羊肉片好吃唯比較雷的是豆皮，有濃厚的冰箱味
羊肉爐好吃便宜店員和善熱情，值得訪再訪！
爛黑店貴爆了，茶里王胖胖杯賣我70元  500元的鍋裡面的羊肉大概手指頭數的出來
麵線必點！湯不油不過鹹順口好喝～帶皮羊肉份量不少(因此沒加點也是店內熱銷品的羊肉片)肉質則要看運氣，有時剛好有時較韌老闆很客氣，也會主動幫客人加湯，整體而言是天冷時會想再訪的店（另外陶鍋的位置是內坎在桌子中，不必擔心會被燙到）
老闆家人親切又可愛，帶皮的羊肉好吃又獨家的好味道！定要先點兩份羊肉麵線，每天經過都是古早味的麻油香
" 味道非常好，價格也很經濟羊肉加工得很好，沒有臭羊肉味，但它是冷凍肉湯也很好                      ,          "
炭燒味美價格合理兩年前直經過，每次都是滿滿人潮，就想說試看看不然我對大馬路邊的商店是沒什麼好感的，沒想到試成主顧
真沒想到碳燒羊肉爐竟然是冰的，還加了大量的香菜  碳燒羊肉爐的名號感覺很厲害，所以今天經過就買份羊肉爐回家，份450的羊肉爐，另外加了喜歡的料  拿回家打開發現羊肉爐湯底裡面還有加些高麗菜，很讓人驚喜，還有片薄薄的凍豆腐跟1-2顆鴨肉丸，這個部分頗有誠意  湯頭裡面有幾顆枸杞跟紅棗，感覺是中藥湯頭很健康，但令人震驚的是，老闆給的羊肉爐，竟然是冰的！！湯根本就沒有加熱，所以也沒有任何炭火香，吃不出碳燒的味道，雖然是我喜歡的帶皮羊肉，但是都白白的感覺沒有先煮過入味，湯頭清清淡淡的，吃起來沒有般羊肉爐的香濃，卻加了大量的香菜！！  我們家算是喜歡香菜的，但是這香菜多到吃起來完全搶掉羊肉爐的味道，每口都是香菜味，入喉回韻卻產生了股微微的酸氣，真是太可怕了，老闆在下在這鄭重誠心的告訴您，香菜跟羊肉爐真的不是好朋友，建議如果要放香菜，以後可以另外裝袋給客人，讓客人自己決定要不要加，而不是開始就放到湯底裡面，這種香料的東西，份量旦過頭了，反而會毀了湯頭
11/6晚上去光顧，店內高朋滿座，外面還有人在等，進門詢問位披頭散髮的中年女店員說兩位有位子嗎？女店員臭臉回應：等下，大約等了二十分有了，再問位年輕整理桌面的女店員，剛剛有說兩位要等下，請問還要等多久，年輕女店員回應：要等下（牛頭不對馬嘴，真是鬼打牆）  再過了五分鐘，中年女店員請我們進去坐吧台的位子，其中個桌面還沒清理，於是又等了十幾分鐘才來整理桌面，就坐後，沒人來點餐，於是去跟服務員說我們要點餐，服務員又說：等下，時間過了十幾分鐘，我就這樣看著服務生忙東忙西，直被客人說送錯肉盤，遲遲沒人來點餐，於是整個食慾都沒了，就離開了整個服務人員態度跟剛開幕的時候差太多，當時生意好，服務生態度都很好，不知是不是換老闆了，整間店生意好，但是服務生沒笑容，服務態度差，跟以前感覺差太多，寧可去其他分店也不會再去西園店消費，更不會推薦人去消費，真是太誇張了
服務態度極差，臉臭到不行 附餐，鍋都吃完要付錢了都還沒來結帳跟店員告知不但句不好意思也沒有，而是說啊還是你要打包帶走傻眼
"肉薄！！ 料少！！  肉切的非常薄(如照片,上桌陣子後可薄到透明看到底盤),下鍋煮後肉都散了,沒口感2片肉才等於錢都板橋江子翠店的1片肉平平樣的肉,吃起來的厚度份跟量就是差很多可改進的空間還很大"
新鮮平價親民，服務親切如同回到家的感覺
餐可選正常或多肉（少菜）價格不變
今日中午用餐相當愉悅 服務生小姐介紹詳細！很有親和力！下次定帶朋友再次光顧！
#隨手記  不想跑太遠又想吃火鍋時會吃    用餐時間要排隊，建議先訂位    重新裝潢後更加舒適宜人  餐點肉蠻大片，菜量偏低  以2百多價位來說會更愛旺角火鍋點  但還是有基本水準～  近期喜歡結束前加點蛋，再下去煮，  完美收尾️    對了，冰淇淋餅乾很好吃！    註記：梅花豬肉鍋
乾淨，人少  價格稍高點  還可以接受
短髮的年輕女店員服務很棒  值得再訪，值得讚許！
價格變貴，東西變少，食材沒有很新鮮，服務生小姐的態度沒很好
走進去發現賣很多東西  點了半筋半肉牛肉麵覺得很好吃  ～～讚！
服務態度差  老闆娘要吃午餐 我們坐到她看電視的位置就對我們碎念 有夠傻眼  再好吃的東西 因為老闆娘的服務態度都變難吃了
平價又美味的餐廳，推肉絲炒飯！  底下堆評論說很好吃又只評34顆星真的不懂什麼意思
"餛飩麵加點辣椒好好吃,蘭花乾還可以滷味小菜在冰櫃自行取用,老闆會把蘭花乾加熱切好裝盤三鮮燴飯普普,下次不會再點有時間可以來吃碗餛飩麵,若趕時間,則不推薦"
人手不足  口味是老人家愛的口味 偏軟
牛肉麵的湯頭濃香，牛肉滷的很夠味，肉質有嚼勁又不鬆散，紅油抄手跟炒飯也是級棒，價錢也不貴，就是人手不太夠老闆娘很辛苦，真的很好吃！！
餛飩麵和水餃便宜又大碗，口味清淡，推推推 牛肉麵我比較喜歡寬麵  但炒飯蠻油的
老闆娘很親切呀，牛肉麵是好吃呀，但是牛肉可以在軟點哦
原本只是吃看看而已沒有想到牛肉湯麵大碗麵多湯頭好價格便宜
價格便宜，東西好吃，唯美中不足就是店家只有個人，若碰到了人多時要多等些時間，
環境還不錯，但今天酒才快喝完沒問就收，沒禮貌
外帶打6折，食物新鮮又好吃 味道也很夠，重點是份量也是很足夠的 超高
好吃 價位中等 份量剛好 不多不少適合聊天聚會來
除了披薩，其他食物非常優秀
謝謝店家在疫情期間，提供好吃的快餐美食期待你們再重新開幕還想要訂餐點吃
好多年在這裡 還是很喜歡
 氣氛非常好你必須在晚上來           
餐點平均都好吃，特別喜歡大蒜奶油蝦太好吃了，蝦子新鮮，醬料100分 拌著吸附湯汁吐司丁，超下酒的！  每次來必點！
食物份量比想像中多，酒類選項也不少，氣氛輕鬆適合小聚
海鮮拼盤炸物超難吃海鮮可以弄成這樣也是不容易==
 很滑       
" 軟豆腐布丁配上花生餡，不那麼甜，剛剛好           ,      "
始終如的堅持 保留老店老味道
" 簡單，簡單，令人愉快的傳統美食每當我們路過的時候，最好只有個碗      , ,             "
吃了好多年的豆花店，論口感數數二的綿密但是如果不喜歡焦味的話，可能要三思了～但是糖水夠甜，剛好可以綜合燒焦味
簡單美味快速，盛夏清涼消暑，豆花有微焦苦味，甜味適當少顆星是因為沒其它選擇和環境
 很好吃        
豆花綿密細緻，有別於傳統豆花的彈，古早味的燻香豆花  花生也很好吃，價格不高很值得吃再吃
有越來越退步的感覺各方面
每次路過經過都會來吃碗但現在碗豆花要$35了
服務好 咖啡豆品質優 極品拿鐵好喝鬆餅好吃 另 美式咖啡不錯喝 不會過淡 剛剛好
可不可以不要再推銷了？  我看得懂菜單的字也沒有要求需要介紹咖啡  說了不需要還是直推銷  壓力很大
座位不多，環境不錯不會吵雜，適合小坐休息下下冰美式好喝，很順口
每次路過絕對不會錯過的極品拿鐵就是好喝  輕鬆悠閒的好去處
寄杯的咖啡，錢都先付完了（付完=價格已經固定不會變動），但是取杯時竟然跟我說5年都未漲價了，現在咖啡豆調漲（但店內咖啡都未漲），所以每杯要補20元差價，聽到令人覺得家這麼久的店，是生意不佳而變得不老實做生意？竟為了20塊趕走客戶？
咖啡不錯喝但推銷有壓力
咖啡本質不錯如網路所言有技巧性的推銷與升級感覺不好可惜了！
老板很親切沖煮的咖啡也很好喝齁      老闆很親切沖煮的咖啡也很好喝齁
咖啡不錯但是老闆娘會有技巧地讓你不明不白就升級
咖啡好喝永遠不嫌多每天都要來上杯九號公寓的極品拿鐵二年多來從不間斷品質穩定真心推薦的咖啡小店
超好吃的，麵線又入味，老闆娘們又漂亮，此生必來的店
大碗70塊  標榜素食麵線，但是覺得很稀  內容物沒什麼料  其實素料也不貴，可是不知道老闆  為什麼不捨得多放些  整碗吃起來跟清麵線差不多  要加70元覺得值低
好吃的口味，吃完整碗不空虛  自製辣椒很醒味蕾，是有香氣的那種辣
本身絕對不吃素的人，因為家人想吃而來試試  吃了後真的點也不素，意外很刷嘴  單吃也很香！之後加了點店家特製辣椒醬更提味！真的天吃三餐都不誇張    點小碗的也很飽，店員態度又好～  會再揪朋友起來吃的～～
麵線超好吃，加辣更讚喔～辣是老闆自製的很值得買呦～
沙茶很香很夠味，特製辣椒醬也很香很開胃，料多的銅板午餐，好吃又滿足！
超棒的素食麵線  可以選擇加辣跟香菜  加辣超好吃️️️  現在營業到晚上11點  真的是超幸福的可以買來當宵夜
店員服務很好，很熱情接待我們，會直帶朋友來吃
麵線很好吃！  雙胞胎闆娘親切好聊天~  還送冬瓜茶~太划算啦
麵線超好吃，尤其是加了特製辣椒 ️，值得再光顧^_^
很傳統的意麵口味，在台北吃到這樣的意麵覺得感動  價錢不貴，份量也不多，若不是小鳥胃可能要點大碗的  環境有點舊，還算乾淨，店家沒有特別親切但還可以～
 蟑螂      
這裡的老闆娘很客氣很不錯，他做的麵很好吃，價格也不貴台北市來說已經很棒了，常常來吃未來還是會繼續來吃的
麵條算是蠻特別的，屬於很細的意麵，價錢也還可以，  只是麵加大(+20元) 後還是吃不太飽  食量大的人可能會吃不飽
麵食份量偏少，小菜顯得超值  調味清淡，但不致無味，重口味者可自行加醬
雞肉飯和扁食很好吃意麵也不錯，也還可以，份量不大
湯頭清淡好吃 小菜很入味
乾意麵35元，佐料沒味道，像吃水煮麵燙青菜(大陸妹)35元，不喜歡加香油及醬油的味道扁食湯35元，內餡豬肉腥味重，難吃
好吃乾淨，份量少小菜總類多也不錯，推薦辣醬乾麵與餛飩湯；服務親切
意麵彈好吃  很有古早味  燙青菜會放滷汁，也不錯
鮮少留下美食評論 但這家的河粉和青木瓜沙拉都非常好吃 用料實在 口味很棒！老闆和老闆娘也非常親切 謝謝你們的用心 也定會再來訪～
新開的越南河粉店  原味牛肉河粉  湯頭清甜加點檸檬微酸很好喝  裡面很特別有幾塊蘿蔔  不得不說蘿蔔真的超好吃  很推薦
湯頭是比較濃郁的，微微的辣，有加燉蘿蔔很特別！已經煮到軟，入口即化～很開胃～
河粉，米線都很好吃，夏天天氣熱吃涼拌口味很清爽開味，春捲很讚，次可以吃到雞肉跟蝦子，價錢便宜，很棒的店家！
低消為60/人，鮮蝦春捲捲有兩條鮮蝦，涼拌木瓜絲有點硬硬的，比較偏辣
本身很喜歡吃越南料理！吃過很多家，但這家對我來說味道上不錯，價格也還可以環境衛生滿乾淨的但缺點這裡位子很少，空間也比較小，用餐時間5-6人就會覺得比較擠  鮮蝦春捲份60元，價格份量都尚可，裡面滿滿的米線，春捲皮很彈，還有雞肉蕃茄蝦子九層塔青菜小黃瓜，單吃不配醬料菜味會比較重，定要搭配醬料就會很爽口  酸辣牛肉河粉碗120元也不算貴，裡面的蘿蔔很入味，很好吃，湯底很酸，有辣，但在炎熱的夏天吃還算開胃，肉也蠻多也算大塊整個用餐下來滿開心的，有機會定會在造訪的店家！
大推酸辣口味！  湯頭好喝裡面的蘿蔔也好好吃！麵份量超多，值很高的家店
定是大拇指的啦 蘿蔔有夠好吃
好好吃喔️️️️ 點了牛肉河粉，湯頭很濃郁，推推（照片是已經吃半了）
真的好好吃 叫外送備註說要辣椒  老闆會看備註真的超優秀 超級讚  酸辣河粉超好吃 湯頭美味 還附塊白蘿蔔  請大家用新台幣來支持  美味到來不及拍照已完食
湯頭溫和舒服  蔥爆牛爆炒得很夠味
很好吃 湯頭很讚 肉質不錯～
好吃，在台北吃得到溫體牛，價錢合理
溫體牛好吃很入口，豆腐，牛腩好韌
"食材很新鮮,湯愈煮愈好喝"
溫體牛就是好吃，比較偏瘦肉型的怕胖的人可以安心吃，瘦而不柴
好吃 湯頭好喝 功夫骰子牛 超讚
湯頭甜美牛肉香嫩    看似濃郁的湯頭，出乎意料的清爽，香甜的牛肉配上新鮮爽口的蔬菜，是種不同的牛肉鍋體驗
店內座位不多，幸好我們是兩人用餐，店員推薦自然牛很嫩很好吃，店內服務有效率又親切，是愉快地用餐體驗廁所竟然還有提供護墊，五顆星處理
牛肉鮮甜很嫩店員服務親切好吃大推
不錯吃，辣味搭配得蠻好的
外帶取餐時發生些小插曲  但店家相當有誠意的解決  還會再光顧  謝謝老闆
麵乾的湯的都好吃 最棒的是老闆親戚的服務 使人心情愉悅 推!        !  
內用， 環境算乾淨， 食物真是好食，本來不是很餓， 那口水雞也太下飯了， 不知不覺就食完了 牛肉湯清爽， 牛肉很入味   價很高， 如果住在附近， 大概會常來
雞湯麵條是細拉麵，很彈，烘蛋很香，雞湯淡淡的，還不錯
好吃，價位合理老闆也親切，值得推薦！
這三天小孩有任務來這附近，天天指定碗清燉牛肉麵，重慶老火鍋牛肉麵也超超超級好吃的希望未來老闆可以跟外送業者合作，然後可以送內湖，這樣上班也吃得到美味
" 到目前為止，這是我在台灣吃過的最好的牛肉麵湯味道那麼豐富，辣，肉那麼嫩！我差點哭了，太好了！！！人們來這家商店！       ,             , ,  !   ,    !!!     !"
當初看到評價有點半信半疑  直到喝到第口湯就發現自己多慮了  點的兩碗湯麵都非常美味  麵條彈而不爛  湯的味道喝得出下足了功夫  肉也給得很大方  而且喝完不會口乾舌燥的  這樣碗150元實在很佛    小菜份量足夠也非常好吃，肉體軟嫩多汁  （老闆女兒-可愛的小妹妹大力推薦還很憨厚的說但是有點貴喔，真想告訴她點都不貴啊！超值得）    離開前老闆還親切的分享了新菜色（樣好吃！）  也舀了碗雞湯給我們試喝  雞湯真的太-好-喝了！難怪來這邊都要點碗雞湯麵    總之是會回吃的間店:希望老闆繼續加油！
口水雞不錯    停車場：無    無障礙設施：無
老闆很有趣，咖啡非常好喝，請試試
這是種令人嚮往的生活  這是處電影場景才會遇見的奇妙  這是間巷弄裡的咖啡廳？酒吧？音樂房？攝影工作室？  遇見這邊是偶然，咖啡價格親民實惠，不限時與朋友聚會坐坐聊聊天很舒服    很少數寫評價卻不怎麼著重食物，因為氛圍是這裡的核心，每個人都有段故事，每個歌聲都有歷程，每個青年都有夢想，每個你我都有對生活的期待    這裡的老闆與他的朋友們激起了我心中的渴望，幾年後我有沒有釋然的勇氣，有群朋友坐下來聚聚聊聊天  (希望下次我有勇氣去要求，聽更多屬於這個小店的故事 萍水相逢是緣分，再來杯調酒，故事未完待續)
後山埤待了快年因要工作才發現這間咖啡廳，有插座可使用，老闆人很 店內氣氛我很滿意，西西里順口！（而且居然有熱的西西里！！）
活動借用場地～老闆很 是個靜謐的好地方～
店員很 很好聊天幽默風趣但不油膩  店內氣氛很 跟朋友進店內就感覺特別放鬆
不得不說，這間店就是最完美的樣子，白天是適合跟朋友聊天或獨自品味的咖啡廳，晚上則是最棒的酒吧，價格親民，調酒師健談且風趣，客製化的調酒是基本，不管心情憂鬱或是開心，獨自人或是跟朋友或情侶，都是在台北非常適合探究竟的好地方！
順著導航來，意外發現寶！  咖啡很有層次，酒好喝也好美！  老闆人很!
裝潢有特色，咖啡好喝  很適合放鬆的地方！
舒服的環境親切的店員自在的空間，是希望訪再訪的小店：）
不知道是老闆還是店員，人很好很熱情說話幽默親民，還可以借充電器，壓扁吐司很好吃，價格也親民，隱密小咖啡廳，推推！！
店雖小小的不起眼，但是東西是般連鎖店買不到的  蛋餅的餅皮很特別，不是厚厚麵粉皮的那種，有點類似像河粉皮  黑豆漿汁很香濃，但都有加糖，但所幸都不會太甜，是以調味為主  法式吐司，煎餃和飯糰蛋都好吃
好吃，這邊的蛋餅餅皮好吃，玉米濃湯也不錯，平價實惠
可惜，飯糰包的不夠好會散開  蘿蔔糕雙面煎，很讚  豆漿是黑豆漿
"老闆娘親切熱情, 煎餃美味好吃 !"
最愛玉米濃湯煎餃+荷包蛋
推薦玉米蛋餅，蛋餅皮是綠色的，吃起來很彈！玉米量也很多，份30（平實好吃）  皮蛋瘦肉粥小碗份35也很好吃，是媽媽的味道
有48顆星的早餐店～內用空間超級小，就是路邊不起眼的早餐店，會有這麼高的評價應該是社區鄰居貢獻的吧按照我這麼刁鑽的嘴巴，評過的餐廳從在地路邊攤到各種貴森森的異國美食都有，以餐點味道來說真的普通炸裂，對於我這個外地來的屁孩，在第印象這個項目中沒有抓住我的心，因為我評價的點就是好不好吃用餐空間舒適與否而已，但是對這裡的居民來說可能是有濃厚情感的，老闆大概在鄰里間有很好的人緣吧，看著牆上的獎狀推測應該是相當熱心參與社區奉獻的人，特別還是參與社區民防義警獲得表揚的獎狀  餐點味道我只能給三顆星，因為是早餐店所以我的標準又更寬鬆了，不然以用餐空間跟餐點內容味道來說，我星都很難給下去  煎餃其實應該說鍋貼更正確，味道普通不難吃  蛋餅皮是綠色的，很特別，是我覺得味道不錯的餐點奶茶喝起來就是比較稀點，沒有那麼甜的麥香
好吃阿阿阿阿阿！！！  好吃到快吃完才想到要拍照  老闆又很溫柔親切！100分
好吃，我已經吃的快要20幾年了，大家可以去買
蛋餅很好吃 吃了十幾年了
來禮客購物，旁就是好市多，方便
咖啡可以，人潮滿位，只是動作略為慢
咖啡，餐點好吃，停車方便，服務佳，冷氣太冷了
靑醬雞肉義大利麵還不錯吃，沙拉份量滿大的
很休閒的咖啡連鎖店，這家地點很好，有提供室外抽煙位置，鄰近，週末好去處
 賣咖啡       
幾乎是有禮客 就有它的存在 裝潢有點老舊 但工作人員素質良好 極具耐心 不錯
場地雖小，但感覺非常好，舒適放鬆
剛好有85折優惠的活動，店員很親切
服務親切 價格合理 優惠活動多 場所整潔
今天想說來芝山站旁覓食晚餐，沒有特別想吃的店，就選了人最多的家，想說人多不雷點了沙茶麵，冬瓜肉燥飯，豬油拌飯，青菜貢丸湯，跟海帶豆皮嘴邊肉，準備試試口味，首先是2碗飯先登場，冬瓜肉燥飯香氣十足，但入口落差有點大，口味不重但吃在口中卻沒鼻子聞到的驚艷，豬油拌飯沒什香氣，吃在口中是醬油膏的味道，沒什豬油味，有些失望！青菜貢丸湯喝起來竟是柴魚的味道有些不習慣，連丸子都像小火鍋的丸子沙茶麵味道很香，但過於清淡，肉絲豬肝都有裹層薄粉，所以滑嫩好吃，唯獨湯頭不夠味，最優秀的屬小菜三種都好吃可能是初嚐所以沒點到店家招牌，以上是初嚐的感覺！
推薦西紅柿蛋麵 每次來都必點
在地平價美食!  老闆態度很親切，出餐速度也快，環境乾淨，食物也好吃
炸排骨有遠超過標價之上的美味
親子友善程度：態度友善親切 食物餐點好吃 價格親民
平價又美味，讚不絕口的滋味
現炸排骨也頗大塊，基本調味肉不柴多汁，飯量有點多適合大食量者，價錢適中，午晚餐皆宜
來吃好幾次了，都是吃排骨飯，今天來吃價格已經調漲了，但量沒變，有些可惜
食物不會太鹹，有小時候懷念的口味，值得推薦
排骨炸的乾扁硬沒有水分，像在吃餅乾且份量不多以個人角度而言不建議單點
川辣拉麵味道還不錯  牛肉麵麵還好～湯不會死鹹～肉很軟嫩  水餃尚可
很乾淨水餃跟番茄肉蛋麵好吃
食材非常不錯，筷子也很衛生，出餐很快，價格也滿便宜的，整體而言值算高，給與滿星五星，繼續加油
紅油炒手好吃，完全翻轉舊印象
"好幾年沒遇過這麼冷淡的服務態度了，進門，菜單放櫃檯上，自己取，老闆坐櫃檯裡沒吱聲，自顧看手機，店裡服務人員完全無視客人，盡跟廚房人員聊天  等畫好單點好餐，真不知道要拿去哪裡,,,非常難得的次用餐經驗"
第次到家專門洗筷子機器的店，環境大很乾淨，價位偏貴了點
食物好吃，環境乾淨，但價格稍高
家常料理，種類多，價格平實不貴
服務態度很差，進門菜單還沒看完老板就衝過來把菜單收走，問他隨便坐嗎，後頭緊跟著8人進來，老闆隨意指了邊邊個座位感覺有種你個人吃完趕快走，然後就去忙8個人座位，安頓好才看了那份被抽走的菜單，我根本還沒點！其實店面有半座位是空的，我可以理解老闆安排座位是方便送餐及之後進來的客人，但個人吃人份也是客人，八個人吃八人份也是客人，從頭到尾，老闆完全繃著張臉沒有說話
價格中上，麵條太細，醬料不錯，小菜沒味道
老闆親切，澎湖人，菜色多樣，海鮮大多來自家鄉，道道有特色，重點是價位般而已，來了必成主顧
很驚艷的無菜單料理~唯缺點很難訂位定要來品嚐吃過就知道為何很難訂位
好吃 ! 新鮮，烹飪合宜 ! 提出原本的美味
海鮮新鮮料理美味價格實惠
只是聚餐小吃地點沒有特色！
服務人員態度佳，餐點製作用心，食材新鮮，值高
道地的澎湖海味 價格公道服務很好
非常道地有特色，半年來已去了超過10次，朋友家庭聚餐都很適合，老闆娘親切熱情
正宗澎湖手路好吃會計小姐很熱情
老闆是來自澎湖，所以料理食材料理皆是以家鄉味味主，整個就是海味十足真材實料，老闆娘則是張羅外場，非常親切有禮️有些私房料理，要老饕才知道，且要事前預定喔！
巨城快閃中  鮮奶油感較濃重  餅乾好吃  融化真的超級快，拍完照要趕快吃  支$150，現只有販售單牛奶口味
" 可悲的是，他們沒有像日本的  這樣的巧克力味      ,  '        "
終於吃到期待已久的北海道冰淇淋  原味牛奶香醇濃郁，搭配下面的餅乾好吃  不過吃到後面會因為很甜膩口，然後餅乾也會因為冰淇淋融化開始從孔洞滲出  **溫馨提醒～吃的時候要備著濕紙巾/衛生紙**  因為很快融化融化的快，吃的速度也要快，不然融化後會沾了滿手會很黏  然後新的巧克力口味 ，朋友說比原味的好吃！可能是沒那麼膩口?!!!  想要比較看看的話，可以買來分食嚐嚐，如果沒有的話就依個人喜好做選擇唷
北海道來的霜淇淋 口味濃郁 餅乾超好吃又牛奶跟巧克力兩種口味 個人吃支會小膩 建議搭配飲料或與喜歡的人起分享
經過不妨試  支$150  奶香味濃郁  不知為何融化速度蠻快的  幾口氣吃完了
推薦指數  -  冰淇淋$150  位於巨城的快閃店，期間只到9月底的冰淇淋，甜筒是用白色戀人的餅乾製成，輕輕咬就入口即化，不像般甜筒酥脆的口感冰淇淋部分我覺得奶粉味偏重，濃濃的奶味仿佛旁邊有頭牛(喂)冰淇淋部分我覺得還好，甜筒比較特別  -  更多食記 1835
口感可以說是極品，但也可以說是極貴個人觀點
日本人氣冰淇淋   原味：奶香十足，很濃醇的牛奶味，適合初次嘗試它們家冰淇淋的朋友，肯定很快就愛上！  巧克力：濃郁的巧克力，味道偏苦甜，不是純甜型巧克力，而是帶點成熟巧克力的苦甜，所以可能是中學生以上的人會喜歡的口味！  它們家的甜筒餅皮使用的是貓舌脆餅，所以不止吃起來，看起來也有高級感！重點是冰淇淋搭配脆餅起吃，真的有種幸福感！不愧名為 ！  最近去吃覺得冰淇淋融化的超快，拍張照片後，就開始融化了 有點小可惜！  很開心台灣終於也有門市了！雖然價格稍微貴了些，但終於不用跑去日本才吃得到了！  是我之前去日本必吃的冰淇淋，而且有限定口味定會嚐鮮，希望台灣趕緊跟進可以跟日本樣越出越多種口味！
冰淇淋十分濃郁，個人覺得兩個人分食比較可以感受剛剛好的美味～  融化得十分快速，所以定要儘快吃喔！    *內用低消180元
大概週日傍晚沒有排隊人潮  冰淇淋奶味超重  如果不太愛奶或奶油之類的  應該無法吃完整支  建議兩個人吃隻就好  但是餅乾真的超好吃  支150 雖然很貴  但想對自己好的人或嚐鮮可以試試
油蔥雞腿飯100元，雞腿份量多，有點像是學海南雞飯的作法，不過味道差蠻多的，肉底下很多油，要稍微瀝過
環境舒適清潔，菜色豐富多樣化，適合家人同事朋友聚餐的好地方
老闆用中規中矩的台式料理法，偶爾會加入日式口味
蔥油雞腿飯，虱目魚皮湯，茶是桂花茶，很清爽，店內有復古的裝飾與老照片，蔥油雞腿飯還不錯吃，虱目魚皮湯裡面的魚皮還蠻多的，湯也不錯喝      蔥油雞腿飯，蝨目魚皮湯，茶是桂花茶，很清爽，店內有復古的裝飾與老照片，蔥油雞腿飯還不錯吃，蝨目魚皮湯裡面的魚皮還蠻多的，湯也不錯喝
環境清潔餐飲物廉價美好吃
口味環境尚可，但某服務人員  總之，不敢再去，怕去消費，就又把她整理好的菜單筆調味料給弄亂了，要勞煩她在旁邊再叮嚀
吃個飯還要被指教，食物再好也是枉然
蔥油雞飯的蔥給得很大方  口味也不錯
北投在地好店之  蔥油雞飯，蔥給的很多  花雕雞飯，酒香味十足  首推這兩道
超推薦蔥油雞腿飯，份量足
蒜苗豬肉控肉豆腐好吃，地瓜稀飯如果能再綢點更好，不過這純熟個人偏好整體來說很有家常菜的感覺，又不會過鹹：）
那禿頭給的菜量真的少 跟他頭髮樣少
烤牛肉，肉汁飽滿鮮甜，配菜均衡，醬汁獨特美味，好吃的不得了啊！
後面的客人插隊點餐，和女工作人員反應，女工作人員反而把錯推給被插隊的客人，怪他不點餐，問題是女工作人員連問都沒有問好嗎？被插隊的客人還在等他點餐餐  讓人生氣的是，女工作人員做錯了還不承認，還把錯推給客人
內用乾淨，餐點好吃，魯白菜很好吃，菜給的份量算蠻多的，價格又不高
食物好吃但價格較高，禿頭男菜量給太少，我同事遇過點三杯雞只給兩塊，其他菜有時候也只給兩口而已
廚師是專業的，所以食物的味道比其他餐廳更好 調料剛剛好  我推薦你們試試
有可能太晚去吃了  吃到很硬蠻乾的飯  也吃到皮軟掉的炸雞腿  不過調味其實都不錯  店家也蠻親切的
餐廳級主廚 多種口味各有特色，消費平平特推
很喜歡這家的便當  大推魚類的主食(除了比目魚，之前吃過次，皮都是魚鱗)，幾乎都是清蒸，吃起來也很新鮮  而且配菜都不會油，吃完的時候盒底都不會像其他便當店樣油光淋漓，配菜推薦滷豆腐，很入味又大塊，超好吃~
訂餐特別打吐司切邊 拿到餐點也沒切邊  那我特別標示要幹嘛
店家態度很好  可以用紙本，也可以用點餐  筷子也有消毒過，令人安心  店內的裝潢讓人覺得舒服  經典的食物認為是薯餅蛋塔，真的好吃  也有許多的套餐可以選擇
叫了格子鬆餅外送  鬆餅整個硬得讓我傻眼  吃起來很像是隔夜的鬆餅  放冰箱變硬那種  也有可能是用錯麵粉（？  反正讓我很傻眼  超硬  我很常吃弘爺  真心希望可以改進！
早餐好吃變化多，上菜速度很快
"進入店內因為兩位用餐,  店員示意要我們做邊邊的兩人位  實際坐下後, 個位置在柱子邊,  而且柱子佔到了座位空間需要輕微歪斜用餐，  另個位置則是在廁所及收餐車走道位置十分狹隘  但此時該座位旁邊仍有兩張兩人座位合併的四人座位  當時店內也還有另張四人位，於是我們移到隔壁的四人座位坐下，  並坐在邊緣讓之後的客人如果有四人也可以拉過去併桌  結果此時店家的人出來請我坐到原本狹隘的位子，  我跟他表示目前的狀態等下來四個人也可以拉隔壁的桌子併桌，  店家的人說可是""那個柱子的位置不好坐""  ""那個柱子的位置不好坐""  ""那個柱子的位置不好坐""  (你都知道不好坐你還叫我去坐，是把還沒進來的消費的客人當客人，已經走進來的客人當冤大頭嗎?)  不好意思! 我真的不想花錢受罪甩頭走人並拒絕再次消費  當然~店家的人也沒有要攔我的意思! 再見不送!"
價位適中，環境服務好又有冷氣大推
當日吃的三明治，吐司有點乾有點小失望
心目中早餐店前三名！他們家的洋蔥圈真的好吃，外皮炸的十分酥脆，就算是叫外送的也不會變軟，最愛吃他們家的里肌蛋堡，每次吃完都非常有飽足感️
今天吃兒童餐，照片是之前吃法式套餐的部分，早餐吃的很幸福~️  這裡的蛋餅也非常推薦喔，料多實在！
以前的香蔥吉拿棒很很好吃，今天再點，除了漏單讓我等了26分鐘外，香蔥吉拿棒的外皮炸的又硬又乾，失望
在地最佳早餐店沒有之 大概有超過25年歷史老闆與老闆娘人都超級好推燒肉三明治
從小吃到大的早餐店 老闆老闆娘都很熱情有禮貌 最喜歡吃燒肉系列 尤其是乳酪餅
十分推薦鐵板麵  露天用餐區有待改善，主要在於有客人在該區抽煙，煙甚至煙灰會飄散到其他座位上
老闆很熱情招呼，生意不錯，看起來熟客多！總匯$70麵包太乾，中冰奶茶$20不行，很像紅茶稀釋+咪咪奶精這樣，喝不到奶味，附近早餐店很多，下回會試試其它間
老闆，老闆娘，非常親切，服務好，出餐快又好吃
奶酥吐司很好吃！！奶茶也好，老闆很親切
從小吃到大的早餐店 大推茄汁麵+大冰奶
"鮪魚吐司好吃, 缺點是飲料都偏貴"
從小吃到大的早餐，很怕吃不到的好吃早餐  家人朋友的最愛，每個人口味不樣  老闆老闆娘都超親切，食物沒地雷
趕上班路過，香烤雞腿堡神好吃！！
餐點縮水的很嚴重，點了茶碗蒸沒有湯匙  還要按服務鈴要，結果湯匙還沒洗乾淨，隨便挑就三根出來，選在人潮幾乎沒有的時間來用餐  換來的是餐點品質很糟糕，蕨餅全都黏在起，冰品來就已經融化半，還有飯感覺是鍋巴還是冷掉之類的硬塊黏在起  我沒要否定外場人員的努力，可是食物真的很不優，我覺得可以去吃其他分店，如果品質直沒有改善的話
東西不錯  但是環境太吵了
上次跟男友兩人來吃結果烙賽
"兒子喜歡抽扭蛋,只是中獎率不是很高(可能運氣沒有別人好)"
除壽司外也提供拉麵等的副食及甜點飲料啤酒種類豐富，用餐尖峰時間人多可能會等稍久，客滿時會有限定用餐時間，服務人員也都很客氣告知，主要還是東西好吃啦
正常迴轉壽司體驗  藏壽司水準很
小姐服務態度親切，餐點美味可口，有準備可放置輪椅的座位
醋飯黏糊糊的，口感很廉價
櫃檯結帳小姐服務態度不佳
壽司的種類普通， 個人覺得還是壽司郎 的菜單比較豐富， 但是服務非常好！
直是我們家聚餐首選！  今年還有壽星8折的活動 開心  用餐90分鐘稍稍的趕，所以每次都把小菜疊成小山 肉品醃製入味，小菜品項超豐富，不用擔心飲食不均衡熟食多是澱粉類的食物，這次大概是搭魷魚遊戲的熱潮，有椪餅可以點～最後還會人提供支冰棒唷！
位在三創九樓，生意很好，建議訂位，本次假日下午2點非用餐時段現場仍然要排至少半小時    推薦羊肉，及小菜中的泡菜，口味很棒，羊肉沒騷味，其他肉類則顯得普通，由於是吃到飽，可盡情取用，補菜的速度很快，覺得比較失望的是海鮮煎餅，太過油膩且外表亦不酥脆，但看到許多網友推薦，猜想是內場人員技術水準有差，缺乏品管
價格還算親民，畢竟是吃到飽的，10%的服務費沒有白付，口味非常的好吃，貼近原韓國口味，有圖有真相，回頭率高
顆給裝潢  顆給辛苦的店員  處理可樂機的    口味不夠韓式  偏淡 無味道    服務態度還可以  但是處理不佳    當你已經不想吃了  想用甜點直接結束的時侯    抹茶冰淇淋含了口    發現冰淇淋湯匙上面粘著根  女生的細軟髮  真的會很生氣    我直接給店員看湯匙  後直接跑去廁所洗嘴巴    只有問我要不要更換  我就不想再吃了啊！    #服務費照收  喔氣氣氣氣氣
評分竟然也高達42星，在百貨商場內的餐廳有這種分數令人好奇，今天來試還真的不錯，不會因為是吃到飽的就很粗糙，每樣食物甚至小菜都有80分水準以上，涼拌類的韓式冬粉跟甜不辣都非常夠味完全不輸很多高價位韓料店
服務：5  環境：4  食物：3  整體值：35    今天第次來吃，店員服務態度很好，也收空盤很快現場有分自助吧去和熱食點餐區，自助吧部分很乾淨，且選擇蠻多的！熱食區選擇也大概有10樣左右，每份都小份量這點蠻貼心的，但熱食部分只有海鮮煎餅豆腐鍋覺得很吃，其他都覺得很還好，蠻可惜的烤肉的肉質也很還好！也希望飲料部分可以放些較解膩的類型，今天去飲料都屬於甜飲居多，會覺得越吃越渴整體和價位相比，會覺得值不高但環境是朋友們聚餐的好地方
好好吃！喜歡牛五花海鮮煎餅炸醬麵！吃到好飽還是想吃
小菜跟現做的餐點好吃，肉類醃製過，不用沾醬就有味道
現場乖乖排隊想登記現場預約，  到我時  我：請問  櫃檯服務生看了我眼，然後直接忽略我，讓後面比較多人的隊伍直接插隊    就算是讓別人插隊就算了  也會請前個客人在旁邊等下吧  還是內部規定用餐高峰時段禁止單人用餐？  那好歹給個標示吧  這樣單獨的人就不會花時間排隊  我也不用特別留下這段文字了  這感覺真的很差
這間是台北吃過最好味的韓式烤肉  重點不在烤肉  而是免費的都很好吃  海鮮餅豆腐湯  人蔘粥牛肉湯   單吃這幾項都值回票價
早上6:30點外送，小朋友要上課，點餐完結帳後顯示7:10送達 ，再過10分鐘看，居然又變7:30，離譜，根本不用吃早餐，直接遲到了
蛋餅表現優秀，煎得酥脆份量足夠，肉排蛋也新鮮好吃
蛋餅好好吃，週要都吃好幾次  外帶雖然已經不脆  但還是吃得到他跟般早餐店的不樣！  個人覺得是這條街目前的第名  很好吃    更：  櫃檯妹妹很厭世，跟我要去上班樣厭世！    內用做成外帶沒有感覺抱歉  問問題就是冷漠回答    第次買就有感覺，  想說買個早餐而已，不介意！    結果發現蛋餅好好吃，必須再去    蛋餅每次都好吃  櫃台妹妹也直維持這樣的態度！    辣椒去已經撲空好幾次，  也沒有說原因只說沒有了！  之後不會提供？還是～～～其他什麼原因  我不想直問，但我不知道什麼時候有啊！
早餐店早起很辛苦，但櫃檯人員的態度很不  可惜用的是味全萬丹鮮奶，再好吃也不會去了
知道這家店假日人很多買過多次早餐  不得不說東西好吃沒錯  蛋餅即推薦  但服務業要有服務態度  但是櫃檯妹妹是厭世還是客人多到你們消化不良態度不是很好！    希望店家可以改善啊！
燒肉香氣很夠，味道偏普  奶茶普，但不會過甜  蛋餅真的厲害，薯餅好吃不會太燙，沾辣椒就是美味  位子比較少
店內環境乾淨舒服，電影原版海報很讚  肉蛋吐司的份量很實在，吃得到每個食材的本身新鮮的香氣  蛋餅厚實，餅皮酥脆  紅茶也好好喝！  值高，值得再光顧
好吃的原味蛋餅，不同於外面般蛋餅，酥脆好吃，環境整潔，服務人員態度親切，值得來
蛋餅脆脆的很好吃！喜歡招牌～料很多
蛋餅好吃很酥搭配特製辣椒醬
2000元的套餐+10%服務費，咖啡竟然和499元吃到飽般餐飲的自動咖啡機樣（這種收費應該用手工研磨調製咖啡），令我不可思議！用餐值太低了，除非你錢太多，沒地方花！
服務很好～～但除了服務就沒了，茶好喝順口  但餐點美味程度跟不上服務，  外面很多日式料理都相對平價又好吃  這個價錢真的對不起這個餐點美味程度  食材沒多好就算了，料理不知道是不是想走創意料理，但變得不上不下，該有的食物味道都失去了，火鍋的湯底還是用基本的昆布湯都比較好，反正每道都很失望，只有烤魚又符合期望，連蜂蜜檸檬比例都調不好，太酸又太甜，比例沒調好喝了很膩口，根本不解渴，菜單真的可以整個換掉，不然就另請主廚吧
2020/11/17入住日勝生加賀屋  晚餐享用會席料理  天翔  御献立  秋晴    符合秋意濃的會席料理  每道料理入口都讓人驚艷  上菜後服務人員會解釋料理的方式及意義  感受得到料理時的用心與精神  用餐完獲得了滿滿的感動與滿足感  有機會定要再造訪  很推薦大家  雖昂貴但精緻用心    小插曲  送上黑毛和牛玉蔥鍋  加熱中 表示暫時先不掀蓋  後來告知我鍋中物送錯了  要先熄火  再為我們送上新的鍋  熄火的過程  沒有造成我們困擾    但卻在用餐結束後  送上伴手禮-飯店的煎餅禮盒  跟我們致歉  真的讓我們受寵若驚  怎麼可以這麼貼心    *食物的照片由上到下  配上菜單順序是由右到左
光是擺盤和華麗的碗盤 就已經讓人感到心情很愉悅了    在這邊用餐 很重要的點是服務生會和你介紹每道菜品的食材，廚師製作所要表達的意境，讓用餐又提升了個層次而且上菜的速度抓的剛剛好，同時也有適時的拉長用餐的時間，訓練我們這些平常狼吞虎嚥的人們學會細細品嚐    所有的食材都很新鮮，不會過鹹，吃得也很滿足  就算到了最後道甜點，依舊充滿驚艷感    雖然價格上並不是很平易近人，不過久久次的犒賞自己，是值得的！    （啊 當天用餐被日本人環環包圍，好像真的到日本樣，很有趣）
含在住宿內的日式晚餐，每道菜色烹調都能感受到主廚的用心，不論在視覺味覺上都令人驚艷，整個用餐時間花了15-2小時，上菜節奏令人感覺輕鬆，可以慢慢品嚐，服務人員服務態度非常的棒，用餐環境寬廣舒適，值得推薦
彷彿置身於日本的優雅與享受
環境很日本  餐飲很台灣  1藝品店整個很台式  老闆是台灣人？  日本加賀屋已退出經營了？@@
座落在新北投街區 環境靜謐優閒 餐點相當美味 服務也很棒
今天單純只來午餐，很可惜無法從樓感收到日本溫泉飯店的氛圍，因為接待大廳在二樓服務人員禮貌週到，但餐點的內容無法讓人覺得份1350是值得的
氣氛好，服务佳      氣氛好，服務佳
老闆娘親切東西好吃又乾淨
東西不錯吃（飯糰，水煎包等等）
樸實無華簡單乾淨的店面，價格也是平價路線，樣先嘗試了豆漿和蛋餅，豆漿很濃，豆味很重，可能有些人會不敢喝，蛋餅薄脆，很有手工麵粉味
每次都吃小丁，今天嘗試新口味跟旁邊的名店小丁都很值得推薦  今天點了鹹豆漿水煎包蛋餅  鹹豆漿味道爽口沒有我不喜歡的焦味，小丁的調味較重這間比較清爽  蛋餅就般的蛋餅，中規中矩，小丁的略勝籌  水煎包味道也是正規中舉，好吃但沒有特別    店面乾淨，老闆親切，是可以推薦的好店
話不多說，豆漿的濃度讚！  絕對100%完勝位在中山北路和士東路附近的某早餐店  燒餅的口感偏向酥脆，相較於相距不遠的丁，不樣！  請由客官們多加嚐試自行選擇
點了蔬菜蛋餅，非常好吃鹹豆漿也很好喝另外有加點了顆水煎包也好吃，值得推薦
豆漿香濃，燒餅油條香酥脆，飯糰料多札實，價格合理
還不錯，至少不用排隊等太久，偶爾豆漿會有焦味，整體還不錯，也有位置可以坐
雖然在生意好的小丁豆漿旁邊，但生意也很好，豆漿 燒餅油條 蛋餅 包子 也都中規中矩，感覺乾淨細緻親切
店内環境清幽乾淨舒適，坐下來就慢慢的享受我喜愛燒餅夾蛋加清漿，順便滑手機  晴天的燒餅很酥脆，我喜歡烤很比較焦點，味道特別香，口感特別很好，豆漿特濃，有機黃豆又香純 值得推薦的很讚
老闆很熱情！東西又好吃，經濟實惠大力推薦這家！
隱藏在巷弄的美食，料多味美超讚的，老闆又親切
肉還可以  配菜多 還附飲料值高  只點兩個還願意幫忙外送  態度非常好 值得再捧場
鯖魚超好吃又大隻質超高
份量十足 好吃，隔壁火鍋小火鍋也樣棒～
飯量多料實在 好吃又推薦的間店
老闆帥氣又親切～重點每個飯都很好吃，料多實在～
點了雞肉親子丼跟起司牛肉丼  中規中矩  丼飯的醬汁甜中帶有奶油味  缺少了壽喜燒那種醬油的香氣  起司也沒有起司香  兩碗跟朋友都只吃半碗就沒辦法再吃更多了  整碗裡面最好吃的吃薑片跟毛豆  但是它們卻是配角啊  主菜請加油
超級可愛的愛心便條紙～謝謝老闆的飲料  這家常常吃 牛肉和豬排量多又好吃！！  祝生意興隆～～～～
蝦捲飯蝦排飯好吃吃的到滿滿的蝦肉很高醬汁味道非常棒强力推薦
班尼迪克蛋不錯，份量適合小鳥胃，系統裡的錢沒有即時調整，可能會有多算錢的情形，跟員工反映後會處理～
服務態度冷漠，餐點品質配不上價錢
在微風南山想找個喝咖啡的地方，剛好看到這個咖啡廳明亮，就走進去了，基本上感覺服務人員態度比較冷淡，都好像在做自己的事情，送來的蛋糕有畫圖，滿可愛的，但是蛋糕普通，咖啡拿鐵沒有美美的拉花～ 口感偏淡，放餐具的籃子裡面有墊個厚紙巾，但是紙巾皺皺的，摸起來潮濕，不知道那個紙巾有沒有在更換，會有衛生的疑慮
很開心的來，可是不知為什麼冷冰冰
開始完全沒人接待  還是廚房廚師看到我們才有人匆匆忙忙過來    吃完咖啡 不小心忘記付錢就走出去  趕快回去 可是走的時候店員也沒攔我們  重點下午就我們組客人  店員完全沒發現我們沒付錢 就讓我們走掉    回去付錢的時候 有個黑短髮捲捲頭女店員還說  齁 這樣我還要重 418元哦？  感覺是故意講給我們聽的= =  重點是才組客人 店員到底多混？  也不是趁大家很忙想偷吃霸王餐  在我們面前講那句什麼意思？
壽星享有甜點份非常幸福和伴侶各點款羊肉都很好小羔羊排是最愛沙拉也很不錯
上菜超慢 點完菜半小時才說廚師要開始煮
餐是涼的，咖啡是酸的，只有服務還行，短期內不會再來
2022-04-15晚  餐點普通 環境不錯  微胖戴眼鏡女店員 態度不好  男店員長倒是很客氣
隱身在微風南山七樓，舒服的環境與好吃的早午餐，值得推薦唷！
"2021101早上8點五分外帶,點了雞塊跟其他套餐,打開餐點時發現店員將沾醬丟入雞塊袋內,現在疫情期間,沾醬上定沾滿了很多細菌,貴店這樣把沾滿細菌的盒子丟入餐點內,請問這樣餐點到底怎麼吃?客人怎麼能夠安心的到貴店消費?打開袋子看到真的很失望,那袋雞塊因為您們的疏失幾乎不能吃了,希望下次放餐點的時候能夠更加注意"
這家的人手明顯不足 每次來櫃檯永遠只有人忙都忙不過來 即便點餐準時來領 還是樣得等好久 廚房餐點出的比外面點餐人員快 卻沒有人來幫忙櫃檯人手的調動做的很差 希望他們能有所發現
點元氣和牛蛋堡三個外帶，店員動作慢就算了三個漢堡有個有加醬兩個竟然忘了加醬訓練不夠
直以來都還蠻喜歡的餐點和用餐環境，南東店的插座稍嫌少了點
速度如先前評論過的人，很慢很慢
二樓有獨立插座下午很清閒
 的餐點依然現做美味，但是相比較於其他台北的早餐或漢堡店， 的服務速度是有點慢活冰紅茶加檸檬片依然是我的最愛                             
米漢堡醬汁外溢，黏手不易處理
早班的服務人員態度很隨便態度差
服務態度很差！問客人要點什麼後，就只顧算收銀台的錢，沒在訊問客人旁邊服務員幫後來的人點好了，我才點到餐而後又有客人前來，不知道為何那顧收銀的人員又願意幫客人點餐～這種服務方式讓人看得霧煞煞？
：功夫茶王 (茶味稍淡，澀味幾乎沒有，優雅舒服流派，可惜尾韻回甘不足)
️功夫茶其實是來自台中的國際連鎖手搖品牌！目前也已插旗全球 12 個國家，而在台灣展店的部分達 50 間！  ️在經營理念上，可以喝出其飲品與其理念相符，像是分享快樂真誠對待追求生命的美好      ️這次喝的是#冰淇淋雪藏系列！功夫茶提供了3種口味做選擇，且通通放上了整球的香草冰淇淋！那天問老闆才知道其實剛開賣不久，但記得把握在31號前，還享有第二杯半價的優惠！！！  ️ 3種口味分別是以紅茶烏龍茶可可作為基底，喜歡大人系茶感較重的推薦重焙烏龍款，老闆特別推薦他們都愛不釋手的可可口味！  ️不論選擇哪種口味，口感均香濃滑順，且香草冰淇淋為真材實料，融的很快，建議買到後，儘速將吸管插入，才能吃到較完整的冰淇淋口感唷！  ️在這飲料也是級戰區的錦州街，老闆的真誠與飲品的實在，我覺得是很難得並應珍惜的️
公司附近新開的飲料店，水果茶王喝起來滿清爽的！而且裡面有山粉圓～喜歡 店員有提醒說原汁本來就會有甜味所以點了無糖～不喜歡太甜的人也可以接受的甜度
黑糖波霸純鮮奶超好喝，濃香醇大推
雞蛋仔超好吃~~不過要趁熱吃喔!
紅豆粉粿鮮奶裡面有咖啡味== 把咖啡汁當黑糖加也太扯囉
喜歡喝茶的絕對不能錯過!
 超級職員      店員超親切
好喝到爆炸，還不推爆！請問有六星的選項嗎？
店員很親切，然而茶飲的味道個人覺得普普通通，雖說名字叫茶王，但沒什麼茶香，茶雖然不會澀，但稍微偏酸，口味上不是我個人喜愛的
" 與   和  起長大，我想說 是我最喜歡的彩虹果子露，薄荷巧克力片，這些都讓人想起我童年的最愛終於可以在台灣買到了永遠不想長大            ,         ,   ,                   "
店員很親切，也很主動推薦我酸味的冰淇淋，本人愛酸很感謝她替我賣力挖冰淇淋
芋頭口味的冰淇淋好吃  跳跳糖口味的再多點跳跳糖就更好了
雪糕好吃忍不住再外帶回家，因為要搭捷運就加半小時乾冰，結果快到家紙帶居然破掉，幸好立馬發現，各位請小心
沒有洛基大道，冰淇淋裡面還有些微的碎冰，我真的沒辦法給更多分
我是在微風南山店買的（找不到微風南山店的評論區）  店員態度非常令人吃驚  問句話，只會直回什麼意思（臉賽到不行）  臉賽就算了，就當她今天開業前被人討債  後面給冰淇淋結帳的行逕，讓我很想問她：請問我們以前認識嗎？ 是不是曾經有在哪裡得罪過你？  我自己也是服務業，  從不覺得店員需要卑躬屈膝  只要正常作業就好    但直用不屑的口穩加皺眉問什麼意思？什麼意思？  你理解力有問題我能怎樣？就不能好好溝通理解？當下只有我個客人啊！是有什麼好不耐煩的啊？    好這切就算了  開心果冰淇淋和以前不樣  完全沒有開心果味，不知道為何叫開心果口味？    很悲傷的次購物經驗！！
和姊妹吃得很開心，服務人員態度優良️
" 我和巴斯金·羅賓斯（）起長大，很高興再次將他們帶回台北（他們幾年前開店後消失了）我已經告訴很多朋友有關此事，也有幾次來勺或裝滿品脫但是今天買了2夸脫和1品脫啤酒後，令人失望的是他們沒有完全裝滿這些品脫啤酒我看到銷售人員稱它為滿，所以我以為它在車上打開時就丟失了很多    付三百新台幣買品脫是種揮霍，他們應該將其完全可見地填充到邊緣，並且不要讓顧客感到被騙不給顆星，因為味道仍然不錯，但令人失望                     (         )                      2    ,                      ,          ,          $300      ,                    1      ,  "
蠻好吃的  有可能是我吃過最好吃的冰淇淋    然而  1球110元  2球140元    8球960元  縱然有送15元乾冰    還是有點不符合邏輯吧？  有點被當成盤子的感覺
可以試吃口味再決定要哪種，非常棒不會踩雷，這次點水蜜桃口味，好吃
